timestamp,exchange,spread,depth,volume,opportunity,position_size,executions,profit,capital
2025-11-10 12:00:00+00:00,Kraken,0.0468127667047028,4761.148951855975,24283.083333333325,True,3035.3854166666656,0.416,83.5144435675459,10083.514443567547
2025-11-10 13:00:00+00:00,Kraken,0.0850952729959511,5564.4841029475,23581.708333333325,True,2947.7135416666656,0.416,149.1708969185264,10232.685340486072
2025-11-10 14:00:00+00:00,Kraken,0.1108234249149308,5469.573238362425,23430.583333333325,True,2928.8229166666656,0.416,193.66797577370397,10426.353316259776
2025-11-10 15:00:00+00:00,Kraken,0.117767604039832,5744.04194376315,27848.875,True,3481.109375,0.416,244.76925820019008,10671.122574459967
2025-11-10 16:00:00+00:00,Kraken,0.0496149638310976,5150.4621834965,27882.33333333325,True,3485.291666666656,0.416,101.78413085343918,10772.906705313406
2025-11-10 17:00:00+00:00,Kraken,0.0794641925539177,5325.769670728075,29096.83333333325,True,3637.104166666656,0.416,171.70390856987703,10944.610613883282
2025-11-10 18:00:00+00:00,Kraken,0.0392073099253624,4827.401451354325,28870.125,True,3608.765625,0.416,82.73459444980507,11027.345208333087
2025-11-10 19:00:00+00:00,Kraken,0.1291943240726078,5818.844475076425,28898.66666666675,True,3612.333333333344,0.416,278.89444411761076,11306.239652450697
2025-11-10 20:00:00+00:00,Kraken,0.0607215341470802,4939.81746199395,27672.58333333325,True,3459.072916666656,0.416,124.19244188149396,11430.43209433219
2025-11-10 21:00:00+00:00,Kraken,0.0758510157661325,5080.8680787556,28599.08333333325,True,3574.885416666656,0.416,160.97527680934522,11591.407371141537
2025-11-10 22:00:00+00:00,Kraken,0.0555937108733107,5105.5225828222,31919.08333333325,True,3989.885416666656,0.416,130.90928321915268,11722.31665436069
2025-11-10 23:00:00+00:00,Kraken,0.0604920155431262,4218.786535909375,37432.75,True,3375.0292287275,0.416,120.70773060649199,11843.02438496718
2025-11-11 00:00:00+00:00,Kraken,0.0662837126421597,4440.6776362296,37989.83333333325,True,3552.54210898368,0.416,139.46745827742433,11982.491843244605
2025-11-11 01:00:00+00:00,Kraken,0.0842286297574221,4496.54845841665,41505.25,True,3597.23876673332,0.416,180.16003960556674,12162.651882850172
2025-11-11 02:00:00+00:00,Kraken,0.05146045383655,4398.799187587025,45766.29166666675,True,3519.03935006962,0.416,106.68708812927639,12269.338970979448
2025-11-11 03:00:00+00:00,Kraken,0.0511672819023074,4547.779544205425,47104.83333333325,True,3638.22363536434,0.416,109.65702247437062,12378.995993453818
2025-11-11 04:00:00+00:00,Kraken,0.110939000676144,4870.9330656728,47550.25,True,3896.74645253824,0.416,257.94343715100086,12636.93943060482
2025-11-11 05:00:00+00:00,Kraken,0.0697335348721563,4392.4302526919,49873.70833333325,True,3513.94420215352,0.416,145.26444416631455,12782.203874771134
2025-11-11 06:00:00+00:00,Kraken,0.0752087005848921,4116.508154230675,53103.33333333325,True,3293.2065233845406,0.416,147.01548432579872,12929.219359096933
2025-11-11 07:00:00+00:00,Kraken,0.0487596232850894,4254.52238213045,54139.66666666675,True,3403.61790570436,0.416,97.64287055429597,13026.86222965123
2025-11-11 08:00:00+00:00,Kraken,0.058275305344318,4675.422023647775,55614.91666666675,True,3740.33761891822,0.416,128.77168593176793,13155.633915582997
2025-11-11 09:00:00+00:00,Kraken,0.1176314386385965,4439.888277643275,55069.875,True,3551.91062211462,0.416,249.4558111927857,13405.089726775783
2025-11-11 10:00:00+00:00,Kraken,0.213604114107719,4062.8134189381,53469.08333333325,True,3250.25073515048,0.416,416.4291500262484,13821.51887680203
2025-11-11 11:00:00+00:00,Kraken,0.175594800326572,4288.494737679025,52859.45833333325,True,3430.79579014322,0.416,360.9023694996688,14182.4212463017
2025-11-11 12:00:00+00:00,Kraken,0.0756795683049662,4707.6184025026,52586.79166666675,True,3766.09472200208,0.416,169.19585620328496,14351.617102504984
2025-11-11 13:00:00+00:00,Kraken,0.0544628938183996,5213.038738999,51739.83333333325,True,4170.4309911992,0.416,133.98834735051946,14485.605449855504
2025-11-11 14:00:00+00:00,Kraken,0.0518011995974477,4665.4421113175,51356.91666666675,True,3732.3536890540004,0.416,113.92130142961695,14599.52675128512
2025-11-11 15:00:00+00:00,Kraken,0.0753934961288135,4351.5257444573,45987.29166666675,True,3481.22059556584,0.416,155.79686463409408,14755.323615919215
2025-11-11 16:00:00+00:00,Kraken,0.084838053225564,4591.48949216865,44624.79166666675,True,3673.1915937349204,0.416,185.31425591557564,14940.63787183479
2025-11-11 17:00:00+00:00,Kraken,0.0667711985978317,5167.92540455395,42364.29166666675,True,4134.34032364316,0.416,163.52368994096204,15104.161561775752
2025-11-11 18:00:00+00:00,Kraken,0.0848799744797204,4820.027177469625,41468.54166666675,True,3856.0217419757,0.416,194.6356303401418,15298.797192115895
2025-11-11 19:00:00+00:00,Kraken,0.0526282826856466,5049.989938860975,45705.5,True,4039.99195108878,0.416,125.32677237894511,15424.12396449484
2025-11-11 20:00:00+00:00,Kraken,0.0469966893118035,4771.636974969575,47948.0,True,3817.30957997566,0.416,105.45150895536142,15529.5754734502
2025-11-11 21:00:00+00:00,Kraken,0.0462146103172677,4724.01660643895,48133.375,True,3779.2132851511597,0.416,102.61627140483046,15632.19174485503
2025-11-11 22:00:00+00:00,Kraken,0.0727661031824965,4575.738245908725,45787.95833333325,True,3660.59059672698,0.416,158.02284006647722,15790.214584921507
2025-11-11 23:00:00+00:00,Kraken,0.0991192716283227,4686.350442356825,41144.70833333325,True,3749.0803538854598,0.416,221.43907361320234,16011.65365853471
2025-11-12 00:00:00+00:00,Kraken,0.0443446234252676,4230.338831145725,37918.08333333325,True,3384.27106491658,0.416,88.07510232104066,16099.72876085575
2025-11-12 01:00:00+00:00,Kraken,0.1165954329735092,4401.695818893625,35351.0,True,3521.3566551149,0.416,245.10940064546682,16344.838161501217
2025-11-12 02:00:00+00:00,Kraken,0.0951651801008367,4151.291024215475,32589.04166666675,True,3321.03281937238,0.416,188.235464826247,16533.073626327463
2025-11-12 03:00:00+00:00,Kraken,0.123298564135356,4301.31795950175,29814.83333333325,True,3441.0543676014004,0.416,253.4331513891625,16786.506777716626
2025-11-12 04:00:00+00:00,Kraken,0.1178748195841867,4291.76497502485,28777.58333333325,True,3433.4119800198805,0.416,241.63753071084923,17028.144308427476
2025-11-12 05:00:00+00:00,Kraken,0.2717202519122745,4074.2948375631,26887.45833333325,True,3259.43587005048,0.416,531.8676265152811,17560.01193494276
2025-11-12 06:00:00+00:00,Kraken,0.8403133113935035,3530.99099679835,24113.0,True,2824.7927974386803,0.416,1429.7777709180032,18989.789705860763
2025-11-12 07:00:00+00:00,Kraken,1.238662826246828,3790.589574382675,22055.5,True,2756.9375,0.416,2057.881746867233,21047.671452727995
2025-11-12 08:00:00+00:00,Kraken,0.6671462853182287,3373.1230671513,20227.166666666675,True,2528.3958333333344,0.416,1015.6535704151245,22063.32502314312
2025-11-12 09:00:00+00:00,Kraken,0.6015302684764997,2237.5713894142177,20037.375,True,1790.0571115313742,0.416,648.2140813046709,22711.53910444779
2025-11-12 10:00:00+00:00,Kraken,0.4086508115725447,2364.5765984112977,20983.708333333325,True,1891.6612787290383,0.416,464.92178249746576,23176.460886945257
2025-11-12 11:00:00+00:00,Kraken,0.0809582132044945,3112.4542140813,22284.208333333325,True,2489.96337126504,0.416,119.79252175624092,23296.253408701497
2025-11-12 12:00:00+00:00,Kraken,0.1138438042386517,4178.918422373125,22391.458333333325,True,2798.9322916666656,0.416,190.17833230349154,23486.431741004988
2025-11-12 13:00:00+00:00,Kraken,0.1137766555597277,5566.107668920625,24328.0,True,3041.0,0.416,206.50287168486193,23692.93461268985
2025-11-12 14:00:00+00:00,Kraken,0.0770122854357795,5069.751366093925,25630.66666666675,True,3203.833333333344,0.416,146.51120406009645,23839.445816749947
2025-11-12 15:00:00+00:00,Kraken,0.0678039509233423,4917.79156292245,28780.54166666675,True,3597.567708333344,0.416,144.53409296742657,23983.979909717375
2025-11-12 16:00:00+00:00,Kraken,0.1084009966601704,5612.771134827925,36898.66666666675,True,4490.21690786234,0.416,290.353774974693,24274.33368469207
2025-11-12 17:00:00+00:00,Kraken,0.1530308885256246,5155.96235244255,37806.0,True,4124.76988195404,0.416,377.76454160814114,24652.098226300208
2025-11-12 18:00:00+00:00,Kraken,0.1058252964640663,5728.008670552375,37319.79166666675,True,4582.4069364419,0.416,289.19560473611807,24941.293831036324
2025-11-12 19:00:00+00:00,Kraken,0.1178761002220054,5713.717042471225,34985.08333333325,True,4373.135416666656,0.416,307.7770009313501,25249.070831967674
2025-11-12 20:00:00+00:00,Kraken,0.1074512253350259,4737.9277957596,32788.875,True,3790.3422366076798,0.416,242.92583546985284,25491.99666743753
2025-11-12 21:00:00+00:00,Kraken,0.0860143804431093,4467.83146860055,31499.16666666675,True,3574.26517488044,0.416,182.8595288844297,25674.856196321958
2025-11-12 22:00:00+00:00,Kraken,0.2609072106454544,5062.0033179846,30137.5,True,3767.1875,0.416,590.1502249863846,26265.006421308342
2025-11-12 23:00:00+00:00,Kraken,0.1822087705904798,5233.29779777665,29467.08333333325,True,3683.385416666656,0.416,402.1685597398617,26667.174981048203
2025-11-13 00:00:00+00:00,Kraken,0.18216799959462,5337.349584071125,29761.41666666675,True,3720.177083333344,0.416,406.09414856085726,27073.26912960906
2025-11-13 01:00:00+00:00,Kraken,0.1818128547677716,5329.2974672499,29720.04166666675,True,3715.005208333344,0.416,404.7337463202287,27478.002875929287
2025-11-13 02:00:00+00:00,Kraken,0.5077255943468691,7230.58974015735,29480.33333333325,True,3685.041666666656,0.416,1125.9137695860672,28603.916645515354
2025-11-13 03:00:00+00:00,Kraken,0.1741832964498159,7080.9307938032,29786.33333333325,True,3723.291666666656,0.416,388.5013749381375,28992.41802045349
2025-11-13 04:00:00+00:00,Kraken,0.1599169432690085,6422.262570365725,31740.41666666675,True,3967.552083333344,0.416,379.8457401209201,29372.26376057441
2025-11-13 05:00:00+00:00,Kraken,0.1723054595792896,6400.183771760975,31742.79166666675,True,3967.848958333344,0.416,409.5249177166812,29781.78867829109
2025-11-13 06:00:00+00:00,Kraken,0.1712404365833566,5446.110853729475,36132.41666666675,True,4356.88868298358,0.416,446.87906349192684,30228.667741783018
2025-11-13 07:00:00+00:00,Kraken,0.1504075619254077,5199.86400144025,37403.41666666675,True,4159.8912011522,0.416,374.3985335161216,30603.06627529914
2025-11-13 08:00:00+00:00,Kraken,0.7987980789520855,5169.870206462575,37432.70833333325,True,4135.89616517006,0.416,1989.8258067264342,32592.892082025573
2025-11-13 09:00:00+00:00,Kraken,0.1691124210033661,6427.007236816775,36615.375,True,4576.921875,0.416,463.5724901695879,33056.46457219516
2025-11-13 10:00:00+00:00,Kraken,0.1790677067667423,6659.928249070125,35959.125,True,4494.890625,0.416,482.2559194220828,33538.72049161724
2025-11-13 11:00:00+00:00,Kraken,0.1774346540792515,6773.147007760725,34322.25,True,4290.28125,0.416,456.0772471402578,33994.7977387575
2025-11-13 12:00:00+00:00,Kraken,0.1127684929323939,4311.6303713937,35917.375,True,3449.3042971149607,0.416,232.13167703930972,34226.92941579681
2025-11-13 13:00:00+00:00,Kraken,0.1425623646158778,4607.432975454725,36015.45833333325,True,3685.9463803637805,0.416,314.29983081309757,34541.22924660991
2025-11-13 14:00:00+00:00,Kraken,0.2997836563909285,4799.435742716575,35964.29166666675,True,3839.5485941732604,0.416,691.5244395493854,35232.753686159296
2025-11-13 15:00:00+00:00,Kraken,0.0896657392150188,6659.197093857075,34750.04166666675,True,4343.755208333344,0.416,231.7937845340961,35464.54747069339
2025-11-13 16:00:00+00:00,Kraken,0.1896212993785607,6867.936123289075,31279.58333333325,True,3909.947916666656,0.416,444.3879760707712,35908.93544676416
2025-11-13 17:00:00+00:00,Kraken,0.0949618112288749,4962.080774565925,39110.58333333325,True,3969.66461965274,0.416,224.51281624896566,36133.448263013124
2025-11-13 18:00:00+00:00,Kraken,0.1069281059498282,4217.551191633175,52759.29166666675,True,3374.0409533065404,0.416,215.1801147042007,36348.62837771732
2025-11-13 19:00:00+00:00,Kraken,0.1057814730636513,3952.44059636095,53226.375,True,3161.95247708876,0.416,199.467169959718,36548.09554767704
2025-11-13 20:00:00+00:00,Kraken,0.0850984634683268,4117.96952877955,53557.70833333325,True,3294.3756230236404,0.416,166.72028948466652,36714.8158371617
2025-11-13 21:00:00+00:00,Kraken,0.0848794644738767,6275.38036126785,53874.29166666675,True,5020.304289014281,0.416,253.4021330384548,36968.21797020016
2025-11-13 22:00:00+00:00,Kraken,0.2933829042147831,6197.68680183205,53979.54166666675,True,4958.149441465641,0.416,873.8476988136839,37842.06566901384
2025-11-13 23:00:00+00:00,Kraken,0.084932769062221,6306.615670355775,54166.70833333325,True,5045.292536284621,0.416,254.82564908257498,38096.891318096415
2025-11-14 00:00:00+00:00,Kraken,0.1474577061787677,6214.615599925025,54468.0,True,4971.69247994002,0.416,438.61587744676893,38535.507195543185
2025-11-14 01:00:00+00:00,Kraken,0.0952900094628061,6227.93844899985,54655.91666666675,True,4982.3507591998805,0.416,282.7737842243379,38818.28097976752
2025-11-14 02:00:00+00:00,Kraken,0.1067857619577888,6230.7164501086,54616.04166666675,True,4984.57316008688,0.416,317.4641329417246,39135.74511270925
2025-11-14 03:00:00+00:00,Kraken,0.0871507363660892,6289.38131931665,54147.54166666675,True,5031.50505545332,0.416,260.86081573409484,39396.60592844334
2025-11-14 04:00:00+00:00,Kraken,0.2864510420202844,5496.358374615075,52292.79166666675,True,4397.08669969206,0.416,756.5778131658263,40153.18374160917
2025-11-14 05:00:00+00:00,Kraken,0.0800684906651088,4932.59418118965,52977.16666666675,True,3946.07534495172,0.416,187.72851112510722,40340.91225273428
2025-11-14 06:00:00+00:00,Kraken,0.1035627818319921,6246.8594972007,48525.33333333325,True,4997.487597760561,0.416,308.57102115115885,40649.48327388544
2025-11-14 07:00:00+00:00,Kraken,0.0809204354280708,6240.4799433363,48291.04166666675,True,4992.38395466904,0.416,240.070597686807,40889.55387157224
2025-11-14 08:00:00+00:00,Kraken,0.1169094389097731,6250.318569553025,47970.08333333325,True,5000.25485564242,0.416,348.9974556393589,41238.5513272116
2025-11-14 09:00:00+00:00,Kraken,0.1447686260810632,6154.865604328525,48170.5,True,4923.89248346282,0.416,426.4120200252079,41664.96334723681
2025-11-14 10:00:00+00:00,Kraken,0.1342760557639304,6075.25475944595,47114.16666666675,True,4860.203807556761,0.416,390.1357373604333,42055.09908459724
2025-11-14 11:00:00+00:00,Kraken,0.7012003659094516,5163.653212949375,49442.95833333325,True,4130.9225703595,0.416,1744.241657871702,43799.34074246894
2025-11-14 12:00:00+00:00,Kraken,0.1620707578809403,3687.87536789035,48795.41666666675,True,2950.30029431228,0.416,286.28900113525816,44085.6297436042
2025-11-14 13:00:00+00:00,Kraken,0.2359064763312281,4234.537122067825,48100.54166666675,True,3387.6296976542603,0.416,479.60349328511757,44565.23323688932
2025-11-14 14:00:00+00:00,Kraken,0.0742580191687625,4291.23783911675,47089.375,True,3432.9902712934004,0.416,151.28706532874526,44716.520302218065
2025-11-14 15:00:00+00:00,Kraken,0.4497236415681572,6032.387139906125,47210.54166666675,True,4825.909711924901,0.416,1305.6472694362053,46022.16757165427
2025-11-14 16:00:00+00:00,Kraken,0.2359535494610845,6666.952323257075,43524.33333333325,True,5333.56185860566,0.416,755.2501787950118,46777.417750449276
2025-11-14 17:00:00+00:00,Kraken,0.0749253332411759,6742.7995315878,35219.83333333325,True,4402.479166666656,0.416,195.78318376957958,46973.200934218854
2025-11-14 18:00:00+00:00,Kraken,0.1067694655750763,6661.15740851305,22129.958333333325,True,2766.2447916666656,0.416,176.15308973343235,47149.354023952284
2025-11-14 19:00:00+00:00,Kraken,0.1213744919231822,6659.5203816237,20510.0,True,2563.75,0.416,185.84432373257278,47335.198347684855
2025-11-14 20:00:00+00:00,Kraken,0.0997463443205882,6155.687494397225,20158.0,True,2519.75,0.416,149.78188954460703,47484.98023722946
2025-11-14 21:00:00+00:00,Kraken,0.1333094342719064,6024.16151151665,20370.708333333325,True,2546.3385416666656,0.416,202.91367162405444,47687.89390885351
2025-11-14 22:00:00+00:00,Kraken,0.1886731716983567,5502.413800815675,20647.5,True,2580.9375,0.416,291.8622643731932,47979.756173226706
2025-11-14 23:00:00+00:00,Kraken,0.0537364686700826,4889.25693039125,21500.75,True,2687.59375,0.416,85.1698402983742,48064.92601352508
2025-11-15 00:00:00+00:00,Kraken,0.0788657739367452,6587.7730975703,21266.708333333325,True,2658.3385416666656,0.416,124.53783027937023,48189.46384380445
2025-11-15 01:00:00+00:00,Kraken,0.078817695192098,6666.68532603765,21409.125,True,2676.140625,0.416,125.29421116889615,48314.75805497335
2025-11-15 02:00:00+00:00,Kraken,0.0602679029177367,6678.396393816,21616.916666666675,True,2702.1145833333344,0.416,96.27569150257935,48411.03374647593
2025-11-15 03:00:00+00:00,Kraken,0.0602364423068073,6669.9621769831,21788.25,True,2723.53125,0.416,96.98707761248357,48508.02082408841
2025-11-15 04:00:00+00:00,Kraken,0.059782708242313,6671.558894856775,21472.583333333325,True,2684.0729166666656,0.416,94.84732518075657,48602.86814926917
2025-11-15 05:00:00+00:00,Kraken,0.0588515766989083,6679.059186413675,20798.625,True,2599.828125,0.416,90.41014374121761,48693.278293010386
2025-11-15 06:00:00+00:00,Kraken,0.0589234117848197,6676.67233355325,20608.958333333325,True,2576.1197916666656,0.416,89.69730188017179,48782.97559489056
2025-11-15 07:00:00+00:00,Kraken,0.0634015019645356,6669.12958957125,19575.541666666675,True,2446.9427083333344,0.416,91.80915824507558,48874.78475313563
2025-11-15 08:00:00+00:00,Kraken,0.0723783758631332,6667.3937340585,19436.041666666675,True,2429.5052083333344,0.416,104.31031127973047,48979.09506441536
2025-11-15 09:00:00+00:00,Kraken,0.091234386339695,6690.134499459125,18803.708333333325,True,2350.4635416666656,0.416,127.65071768895149,49106.74578210431
2025-11-15 10:00:00+00:00,Kraken,0.1153716422562863,6689.6495495637,19269.291666666675,True,2408.6614583333344,0.416,165.88050327228243,49272.626285376595
2025-11-15 11:00:00+00:00,Kraken,0.1238411844026331,6796.896347618675,18186.25,True,2273.28125,0.416,168.17089628411588,49440.79718166071
2025-11-15 12:00:00+00:00,Kraken,0.1181739633973595,6909.834188330475,15748.833333333325,True,1968.6041666666656,0.416,138.90214042288733,49579.699322083594
2025-11-15 13:00:00+00:00,Kraken,0.0741649726474126,6839.708739331225,15309.458333333325,True,1913.6822916666656,0.416,84.22588732379299,49663.92520940739
2025-11-15 14:00:00+00:00,Kraken,0.077644778769032,6624.18886244655,14903.583333333325,True,1862.9479166666656,0.416,85.90330526100036,49749.82851466839
2025-11-15 15:00:00+00:00,Kraken,0.0842059777982849,4076.33472061385,25520.54166666675,True,3190.067708333344,0.416,159.72415662975925,49909.55267129815
2025-11-15 16:00:00+00:00,Kraken,0.0768116605110171,4191.537413673675,40445.91666666675,True,3353.22993093894,0.416,152.93730839821313,50062.489979696365
2025-11-15 17:00:00+00:00,Kraken,0.0705144555687629,4255.048026696525,41324.25,True,3404.03842135722,0.416,142.32447897063298,50204.814458666995
2025-11-15 18:00:00+00:00,Kraken,0.0773979200979397,4326.876530366875,40148.91666666675,True,3461.5012242935004,0.416,159.09954564444635,50363.91400431144
2025-11-15 19:00:00+00:00,Kraken,0.0807407342150232,4291.61905133355,41211.95833333325,True,3433.29524106684,0.416,164.72597238844537,50528.63997669988
2025-11-15 20:00:00+00:00,Kraken,0.0807516510418278,4220.1287678676,40896.83333333325,True,3376.10301429408,0.416,162.00417994502936,50690.64415664491
2025-11-15 21:00:00+00:00,Kraken,0.0797972188980688,4058.138372068,39789.79166666675,True,3246.5106976544002,0.416,153.916560653346,50844.56071729825
2025-11-15 22:00:00+00:00,Kraken,0.197290972585186,4091.31263458895,39109.29166666675,True,3273.0501076711603,0.416,387.1431572125578,51231.70387451081
2025-11-15 23:00:00+00:00,Kraken,0.081205928291237,4167.62855311915,38844.29166666675,True,3334.10284249532,0.416,160.90238933675732,51392.60626384756
2025-11-16 00:00:00+00:00,Kraken,0.0811770426054705,4421.931864583825,33894.875,True,3537.54549166706,0.416,170.65880766832663,51563.26507151589
2025-11-16 01:00:00+00:00,Kraken,0.0936423975182648,4309.708157622275,38327.625,True,3447.7665260978206,0.416,192.2517856254392,51755.51685714133
2025-11-16 02:00:00+00:00,Kraken,0.1221317284456826,3796.38023879135,40534.83333333325,True,3037.1041910330805,0.416,221.54465880448623,51977.06151594582
2025-11-16 03:00:00+00:00,Kraken,0.1626478170057562,4144.852792439425,41482.08333333325,True,3315.88223395154,0.416,322.9182631057706,52299.97977905159
2025-11-16 04:00:00+00:00,Kraken,0.0838434826759938,4132.56576758325,41481.58333333325,True,3306.0526140666,0.416,164.80853700811912,52464.788316059705
2025-11-16 05:00:00+00:00,Kraken,0.1152778229641806,4137.7784311409,41616.83333333325,True,3310.22274491272,0.416,227.782196173346,52692.57051223305
2025-11-16 06:00:00+00:00,Kraken,0.148997793222857,4139.366040145275,41697.75,True,3311.4928321162206,0.416,295.224979981204,52987.79549221425
2025-11-16 07:00:00+00:00,Kraken,0.1490075792435594,4129.388126600725,41487.58333333325,True,3303.51050128058,0.416,294.53284256861576,53282.32833478287
2025-11-16 08:00:00+00:00,Kraken,0.1626194052497332,4128.464043755025,41430.08333333325,True,3302.77123500402,0.416,321.5848414371423,53603.91317622001
2025-11-16 09:00:00+00:00,Kraken,0.1141807575162189,4185.5144005724,41397.70833333325,True,3348.41152045792,0.416,228.1942214586056,53832.10739767862
2025-11-16 10:00:00+00:00,Kraken,0.2350641619143127,4069.568505583725,38434.95833333325,True,3255.65480446698,0.416,459.26500854083815,54291.37240621946
2025-11-16 11:00:00+00:00,Kraken,0.0915798963333367,4192.413560228625,37839.08333333325,True,3353.9308481829003,0.416,182.84676277234774,54474.21916899181
2025-11-16 12:00:00+00:00,Kraken,0.0759388740733978,3835.679786434275,37965.41666666675,True,3068.54382914742,0.416,138.33759293588366,54612.55676192769
2025-11-16 13:00:00+00:00,Kraken,0.0714464869520931,3679.054139680425,38013.33333333325,True,2943.24331174434,0.416,124.71310974643535,54737.26987167413
2025-11-16 14:00:00+00:00,Kraken,0.0996665028279239,3662.38023075775,37902.91666666675,True,2929.9041846062,0.416,174.0216429472165,54911.29151462134
2025-11-16 15:00:00+00:00,Kraken,0.1554138669259436,4173.375262709475,30155.33333333325,True,3338.70021016758,0.416,310.5719183335744,55221.86343295492
2025-11-16 16:00:00+00:00,Kraken,0.1566830259604163,3946.75385098695,21986.125,True,2748.265625,0.416,257.7525810084544,55479.61601396337
2025-11-16 17:00:00+00:00,Kraken,0.0771531795713807,3989.226844990275,16196.583333333325,True,2024.5729166666656,0.416,92.7557229779061,55572.37173694128
2025-11-16 18:00:00+00:00,Kraken,0.0859383709987559,5084.231013610325,14544.375,True,1818.046875,0.416,92.92798501000527,55665.29972195128
2025-11-16 19:00:00+00:00,Kraken,0.122078121590119,5971.9590610296,20634.125,True,2579.265625,0.416,188.06375600744082,55853.36347795872
2025-11-16 20:00:00+00:00,Kraken,0.1982408696126795,7567.50299723675,26301.875,True,3287.734375,0.416,390.76384191227714,56244.127319871
2025-11-16 21:00:00+00:00,Kraken,0.1783887904746325,3442.8734610052,26870.16666666675,True,2754.2987688041603,0.416,294.3802192459477,56538.507539116945
2025-11-16 22:00:00+00:00,Kraken,0.3740108376290257,3706.384432504875,26357.91666666675,True,2965.1075460039,0.416,666.7918942607502,57205.299433377695
2025-11-16 23:00:00+00:00,Kraken,0.1626794405277234,6864.257029347525,27022.58333333325,True,3377.822916666656,0.416,329.0148095263448,57534.31424290404
2025-11-17 00:00:00+00:00,Kraken,0.1202959795398105,7385.73104554965,27340.0,True,3417.5,0.416,245.50873967862876,57779.822982582664
2025-11-17 01:00:00+00:00,Kraken,0.1074788062033711,8056.574479172125,27320.58333333325,True,3415.072916666656,0.416,218.93136320105657,57998.754345783724
2025-11-17 02:00:00+00:00,Kraken,0.1428922219735451,6813.826266124275,25325.29166666675,True,3165.661458333344,0.416,270.56512236771,58269.319468151436
2025-11-17 03:00:00+00:00,Kraken,0.0913953826565149,7089.16795044495,24502.333333333325,True,3062.7916666666656,0.416,166.63379875570192,58435.95326690714
2025-11-17 04:00:00+00:00,Kraken,0.1050030252496393,8085.59307562215,24586.541666666675,True,3073.3177083333344,0.416,192.4326683691437,58628.38593527629
2025-11-17 05:00:00+00:00,Kraken,0.093192611242758,8082.240244155675,24553.333333333325,True,3069.1666666666656,0.416,170.30788370275764,58798.693818979045
2025-11-17 06:00:00+00:00,Kraken,0.1052494299009492,8081.2091963655,24481.75,True,3060.21875,0.416,192.0673346380082,58990.76115361705
2025-11-17 07:00:00+00:00,Kraken,0.0772556402319341,8082.06498414,24690.875,True,3086.359375,0.416,141.5921750732788,59132.35332869033
2025-11-17 08:00:00+00:00,Kraken,0.1502760552828932,3565.554115132075,22294.125,True,2786.765625,0.416,250.59342390817332,59382.94675259851
2025-11-17 09:00:00+00:00,Kraken,0.1501634578401298,3501.35891340785,22349.625,True,2793.703125,0.416,251.0275175758379,59633.974270174345
2025-11-17 10:00:00+00:00,Kraken,0.1813465911298142,7531.858032336275,23058.333333333325,True,2882.2916666666656,0.416,313.2025630939762,59947.17683326832
2025-11-10 12:00:00+00:00,Kucoin,0.0729637826307601,4761.148951855975,24283.083333333325,True,3035.3854166666656,0.416,131.39550191092263,10131.395501910923
2025-11-10 13:00:00+00:00,Kucoin,0.0819163663344773,5564.4841029475,23581.708333333325,True,2947.7135416666656,0.416,143.51860757041007,10274.914109481333
2025-11-10 14:00:00+00:00,Kucoin,0.0698459933169715,5469.573238362425,23430.583333333325,True,2928.8229166666656,0.416,121.27454128522082,10396.188650766553
2025-11-10 15:00:00+00:00,Kucoin,0.0733643025280101,5744.04194376315,27848.875,True,3481.109375,0.416,151.53097589858118,10547.719626665134
2025-11-10 16:00:00+00:00,Kucoin,0.0642547532243863,5150.4621834965,27882.33333333325,True,3485.291666666656,0.416,132.56176903306695,10680.2813956982
2025-11-10 17:00:00+00:00,Kucoin,0.097749751320137,5325.769670728075,29096.83333333325,True,3637.104166666656,0.416,211.82061849927456,10892.102014197475
2025-11-10 18:00:00+00:00,Kucoin,0.1463771695187625,4827.401451354325,28870.125,True,3608.765625,0.416,316.02274054892587,11208.1247547464
2025-11-10 19:00:00+00:00,Kucoin,0.1283457873158296,5818.844475076425,28898.66666666675,True,3612.333333333344,0.416,277.0455169186142,11485.170271665014
2025-11-10 20:00:00+00:00,Kucoin,0.0853897446663919,4939.81746199395,27672.58333333325,True,3459.072916666656,0.416,175.66297847199547,11660.83325013701
2025-11-10 21:00:00+00:00,Kucoin,0.1132786490086286,5080.8680787556,28599.08333333325,True,3574.885416666656,0.416,241.68313536554228,11902.516385502551
2025-11-10 22:00:00+00:00,Kucoin,0.0972196201135281,5105.5225828222,31919.08333333325,True,3989.885416666656,0.416,231.09031250531828,12133.60669800787
2025-11-10 23:00:00+00:00,Kucoin,0.0517190094365484,4218.786535909375,37432.75,True,3375.0292287275,0.416,102.84749009988181,12236.454188107753
2025-11-11 00:00:00+00:00,Kucoin,0.0367032401182325,4440.6776362296,37989.83333333325,True,3552.54210898368,0.416,76.07965893290901,12312.533847040662
2025-11-11 01:00:00+00:00,Kucoin,0.0641223349640086,4496.54845841665,41505.25,True,3597.23876673332,0.416,136.53230689594957,12449.066153936612
2025-11-11 02:00:00+00:00,Kucoin,0.1036465617926523,4398.799187587025,45766.29166666675,True,3519.03935006962,0.416,217.46173247973795,12666.52788641635
2025-11-11 03:00:00+00:00,Kucoin,0.0515620411640813,4547.779544205425,47104.83333333325,True,3638.22363536434,0.416,110.52335187217419,12777.051238288524
2025-11-11 04:00:00+00:00,Kucoin,0.0729800286331534,4870.9330656728,47550.25,True,3896.74645253824,0.416,168.72021059380612,12945.771448882331
2025-11-11 05:00:00+00:00,Kucoin,0.1131883216074299,4392.4302526919,49873.70833333325,True,3513.94420215352,0.416,237.37169433574743,13183.143143218078
2025-11-11 06:00:00+00:00,Kucoin,0.1101053641550831,4116.508154230675,53103.33333333325,True,3293.2065233845406,0.416,216.33638653838779,13399.479529756465
2025-11-11 07:00:00+00:00,Kucoin,0.0552162621780395,4254.52238213045,54139.66666666675,True,3403.61790570436,0.416,110.89875258391275,13510.378282340378
2025-11-11 08:00:00+00:00,Kucoin,0.039919409116707,4675.422023647775,55614.91666666675,True,3740.33761891822,0.416,87.35763322090739,13597.735915561285
2025-11-11 09:00:00+00:00,Kucoin,0.1135334805346958,4439.888277643275,55069.875,True,3551.91062211462,0.416,240.67588478291202,13838.411800344196
2025-11-11 10:00:00+00:00,Kucoin,0.1135061549083533,4062.8134189381,53469.08333333325,True,3250.25073515048,0.416,220.1819716518483,14058.593771996044
2025-11-11 11:00:00+00:00,Kucoin,0.1288422627556209,4288.494737679025,52859.45833333325,True,3430.79579014322,0.416,264.1500491444636,14322.743821140508
2025-11-11 12:00:00+00:00,Kucoin,0.1166726861907027,4707.6184025026,52586.79166666675,True,3766.09472200208,0.416,262.32026383571895,14585.064084976228
2025-11-11 13:00:00+00:00,Kucoin,0.1198360613949917,5213.038738999,51739.83333333325,True,4170.4309911992,0.416,298.4413474920602,14883.505432468288
2025-11-11 14:00:00+00:00,Kucoin,0.1292314973649227,4665.4421113175,51356.91666666675,True,3732.3536890540004,0.416,288.2444471638622,15171.74987963215
2025-11-11 15:00:00+00:00,Kucoin,0.0950598418505556,4351.5257444573,45987.29166666675,True,3481.22059556584,0.416,197.09367853457348,15368.843558166724
2025-11-11 16:00:00+00:00,Kucoin,0.1197714087208143,4591.48949216865,44624.79166666675,True,3673.1915937349204,0.416,262.7150146680274,15631.55857283475
2025-11-11 17:00:00+00:00,Kucoin,0.0983601895214987,5167.92540455395,42364.29166666675,True,4134.34032364316,0.416,242.30139216097916,15873.85996499573
2025-11-11 18:00:00+00:00,Kucoin,0.0646432352013891,4820.027177469625,41468.54166666675,True,3856.0217419757,0.416,147.56593977251768,16021.425904768248
2025-11-11 19:00:00+00:00,Kucoin,0.0616395539902201,5049.989938860975,45705.5,True,4039.99195108878,0.416,147.28654798600417,16168.712452754253
2025-11-11 20:00:00+00:00,Kucoin,0.0431788394609976,4771.636974969575,47948.0,True,3817.30957997566,0.416,96.66052354173415,16265.372976295987
2025-11-11 21:00:00+00:00,Kucoin,0.0462255357106242,4724.01660643895,48133.375,True,3779.2132851511597,0.416,102.64117716591501,16368.014153461902
2025-11-11 22:00:00+00:00,Kucoin,0.1444917739739724,4575.738245908725,45787.95833333325,True,3660.59059672698,0.416,316.3980163037425,16684.412169765645
2025-11-11 23:00:00+00:00,Kucoin,0.0957390746995153,4686.350442356825,41144.70833333325,True,3749.0803538854598,0.416,213.79494325869507,16898.20711302434
2025-11-12 00:00:00+00:00,Kucoin,0.0680467176875344,4230.338831145725,37918.08333333325,True,3384.27106491658,0.416,136.46037519259662,17034.667488216935
2025-11-12 01:00:00+00:00,Kucoin,0.0865502755369068,4401.695818893625,35351.0,True,3521.3566551149,0.416,181.2910125011552,17215.95850071809
2025-11-12 02:00:00+00:00,Kucoin,0.1080105284744435,4151.291024215475,32589.04166666675,True,3321.03281937238,0.416,213.967870376539,17429.92637109463
2025-11-12 03:00:00+00:00,Kucoin,0.1419718799216422,4301.31795950175,29814.83333333325,True,3441.0543676014004,0.416,292.19230715906343,17722.118678253693
2025-11-12 04:00:00+00:00,Kucoin,0.1357955836751467,4291.76497502485,28777.58333333325,True,3433.4119800198805,0.416,278.7520443550438,18000.870722608735
2025-11-12 05:00:00+00:00,Kucoin,0.1295839135761561,4074.2948375631,26887.45833333325,True,3259.43587005048,0.416,252.41454905430263,18253.285271663037
2025-11-12 06:00:00+00:00,Kucoin,0.1261124204692713,3530.99099679835,24113.0,True,2824.7927974386803,0.416,212.84014884942482,18466.12542051246
2025-11-12 07:00:00+00:00,Kucoin,0.1413674606472126,3790.589574382675,22055.5,True,2756.9375,0.416,233.09634249416658,18699.221763006626
2025-11-12 08:00:00+00:00,Kucoin,0.1299793533016653,3373.1230671513,20227.166666666675,True,2528.3958333333344,0.416,196.40504476135845,18895.626807767985
2025-11-12 09:00:00+00:00,Kucoin,0.1166337338477294,2237.5713894142177,20037.375,True,1790.0571115313742,0.416,124.64101123463992,19020.267819002624
2025-11-12 10:00:00+00:00,Kucoin,0.1010881703161152,2364.5765984112977,20983.708333333325,True,1891.6612787290383,0.416,113.97740506282011,19134.245224065442
2025-11-12 11:00:00+00:00,Kucoin,0.1346048516385963,3112.4542140813,22284.208333333325,True,2489.96337126504,0.416,200.36687069870433,19334.612094764147
2025-11-12 12:00:00+00:00,Kucoin,0.0891316225075541,4178.918422373125,22391.458333333325,True,2798.9322916666656,0.416,148.45636152164604,19483.068456285793
2025-11-12 13:00:00+00:00,Kucoin,0.0831388809111836,5566.107668920625,24328.0,True,3041.0,0.416,150.3030457484685,19633.37150203426
2025-11-12 14:00:00+00:00,Kucoin,0.0554224725662175,5069.751366093925,25630.66666666675,True,3203.833333333344,0.416,104.78776226211512,19738.159264296377
2025-11-12 15:00:00+00:00,Kucoin,0.0804835302037971,4917.79156292245,28780.54166666675,True,3597.567708333344,0.416,172.04945001611537,19910.20871431249
2025-11-12 16:00:00+00:00,Kucoin,0.061627133805443,5612.771134827925,36898.66666666675,True,4490.21690786234,0.416,163.666821745418,20073.87553605791
2025-11-12 17:00:00+00:00,Kucoin,0.074315799914244,5155.96235244255,37806.0,True,4124.76988195404,0.416,181.91658434677083,20255.79212040468
2025-11-12 18:00:00+00:00,Kucoin,0.1175717705577613,5728.008670552375,37319.79166666675,True,4582.4069364419,0.416,321.6641261534981,20577.456246558177
2025-11-12 19:00:00+00:00,Kucoin,0.1054678477609196,5713.717042471225,34985.08333333325,True,4373.135416666656,0.416,275.04557845489194,20852.501825013067
2025-11-12 20:00:00+00:00,Kucoin,0.0557897383334367,4737.9277957596,32788.875,True,3790.3422366076798,0.416,124.81039866520172,20977.31222367827
2025-11-12 21:00:00+00:00,Kucoin,0.0464526275058789,4467.83146860055,31499.16666666675,True,3574.26517488044,0.416,97.5645179894713,21074.87674166774
2025-11-12 22:00:00+00:00,Kucoin,0.04330348466388,5062.0033179846,30137.5,True,3767.1875,0.416,95.67459018694935,21170.55133185469
2025-11-12 23:00:00+00:00,Kucoin,0.0370988684845111,5233.29779777665,29467.08333333325,True,3683.385416666656,0.416,79.76075517009161,21250.312087024784
2025-11-13 00:00:00+00:00,Kucoin,0.0741564777982718,5337.349584071125,29761.41666666675,True,3720.177083333344,0.416,163.71512532522382,21414.027212350007
2025-11-13 01:00:00+00:00,Kucoin,0.1047808664529645,5329.2974672499,29720.04166666675,True,3715.005208333344,0.416,232.11344608060676,21646.140658430613
2025-11-13 02:00:00+00:00,Kucoin,0.1109262340543538,7230.58974015735,29480.33333333325,True,3685.041666666656,0.416,243.90135303216036,21890.042011462774
2025-11-13 03:00:00+00:00,Kucoin,0.1016836328719846,7080.9307938032,29786.33333333325,True,3723.291666666656,0.416,225.6751393384988,22115.717150801273
2025-11-13 04:00:00+00:00,Kucoin,0.1077807452089181,6422.262570365725,31740.41666666675,True,3967.552083333344,0.416,255.0719615227479,22370.78911232402
2025-11-13 05:00:00+00:00,Kucoin,0.0800666282925332,6400.183771760975,31742.79166666675,True,3967.848958333344,0.416,188.75990013121145,22559.54901245523
2025-11-13 06:00:00+00:00,Kucoin,0.0522715520459023,5446.110853729475,36132.41666666675,True,4356.88868298358,0.416,134.219882093539,22693.768894548768
2025-11-13 07:00:00+00:00,Kucoin,0.0984418557495525,5199.86400144025,37403.41666666675,True,4159.8912011522,0.416,244.00377379813693,22937.772668346905
2025-11-13 08:00:00+00:00,Kucoin,0.0984600243211939,5169.870206462575,37432.70833333325,True,4135.89616517006,0.416,242.64164052578957,23180.414308872692
2025-11-13 09:00:00+00:00,Kucoin,0.1109331229842116,6427.007236816775,36615.375,True,4576.921875,0.416,302.95112637829715,23483.36543525099
2025-11-13 10:00:00+00:00,Kucoin,0.1109672646569262,6659.928249070125,35959.125,True,4494.890625,0.416,297.6139632192694,23780.97939847026
2025-11-13 11:00:00+00:00,Kucoin,0.1109672646569262,6773.147007760725,34322.25,True,4290.28125,0.416,284.0664462525873,24065.045844722845
2025-11-13 12:00:00+00:00,Kucoin,0.1174604586220401,4311.6303713937,35917.375,True,3449.3042971149607,0.416,241.893876344166,24306.93972106701
2025-11-13 13:00:00+00:00,Kucoin,0.1017339095943696,4607.432975454725,36015.45833333325,True,3685.9463803637805,0.416,223.5233604244659,24530.463081491478
2025-11-13 14:00:00+00:00,Kucoin,0.0741533112646983,4799.435742716575,35964.29166666675,True,3839.5485941732604,0.416,168.96101513185528,24699.424096623334
2025-11-13 15:00:00+00:00,Kucoin,0.0678318296982894,6659.197093857075,34750.04166666675,True,4343.755208333344,0.416,174.58559791897167,24874.009694542307
2025-11-13 16:00:00+00:00,Kucoin,0.0467991978962248,6867.936123289075,31279.58333333325,True,3909.947916666656,0.416,107.54482285382008,24981.554517396125
2025-11-13 17:00:00+00:00,Kucoin,0.0478391597015939,4962.080774565925,39110.58333333325,True,3969.66461965274,0.416,111.67754712555546,25093.232064521682
2025-11-13 18:00:00+00:00,Kucoin,0.0534536657190928,4217.551191633175,52759.29166666675,True,3374.0409533065404,0.416,106.34778408387464,25199.579848605557
2025-11-13 19:00:00+00:00,Kucoin,0.0818544319684753,3952.44059636095,53226.375,True,3161.95247708876,0.416,153.8313701095873,25353.411218715144
2025-11-13 20:00:00+00:00,Kucoin,0.0818504924368546,4117.96952877955,53557.70833333325,True,3294.3756230236404,0.416,160.266027413356,25513.6772461285
2025-11-13 21:00:00+00:00,Kucoin,0.1286945742137207,6275.38036126785,53874.29166666675,True,5020.304289014281,0.416,386.08513163551874,25899.76237776402
2025-11-13 22:00:00+00:00,Kucoin,0.1003355414510862,6197.68680183205,53979.54166666675,True,4958.149441465641,0.416,296.4901899393784,26196.252567703395
2025-11-13 23:00:00+00:00,Kucoin,0.0846023748459117,6306.615670355775,54166.70833333325,True,5045.292536284621,0.416,253.82015360491337,26450.07272130831
2025-11-14 00:00:00+00:00,Kucoin,0.0845882364544226,6214.615599925025,54468.0,True,4971.69247994002,0.416,250.07505899545475,26700.147780303763
2025-11-14 01:00:00+00:00,Kucoin,0.0753012048192771,6227.93844899985,54655.91666666675,True,4982.3507591998805,0.416,222.70035067445528,26922.84813097822
2025-11-14 02:00:00+00:00,Kucoin,0.0753012048192771,6230.7164501086,54616.04166666675,True,4984.57316008688,0.416,222.79968720871273,27145.64781818693
2025-11-14 03:00:00+00:00,Kucoin,0.0753012048192771,6289.38131931665,54147.54166666675,True,5031.50505545332,0.416,224.89744187534754,27370.545260062278
2025-11-14 04:00:00+00:00,Kucoin,0.0912340523293918,5496.358374615075,52292.79166666675,True,4397.08669969206,0.416,238.79936051902283,27609.3446205813
2025-11-14 05:00:00+00:00,Kucoin,0.0722846309860256,4932.59418118965,52977.16666666675,True,3946.07534495172,0.416,169.20080283453262,27778.545423415835
2025-11-14 06:00:00+00:00,Kucoin,0.1130476004598796,6246.8594972007,48525.33333333325,True,4997.487597760561,0.416,337.162860070156,28115.70828348599
2025-11-14 07:00:00+00:00,Kucoin,0.1505457282649605,6240.4799433363,48291.04166666675,True,4992.38395466904,0.416,449.74062238897335,28565.448905874964
2025-11-14 08:00:00+00:00,Kucoin,0.1130050321251121,6250.318569553025,47970.08333333325,True,5000.25485564242,0.416,337.2211645565694,28902.670070431534
2025-11-14 09:00:00+00:00,Kucoin,0.1099544352808965,6154.865604328525,48170.5,True,4923.89248346282,0.416,323.0106723222631,29225.680742753797
2025-11-14 10:00:00+00:00,Kucoin,0.1162934947229348,6075.25475944595,47114.16666666675,True,4860.203807556761,0.416,337.4167138585408,29563.097456612337
2025-11-14 11:00:00+00:00,Kucoin,0.1007616933409571,5163.653212949375,49442.95833333325,True,4130.9225703595,0.416,248.08508896695162,29811.18254557929
2025-11-14 12:00:00+00:00,Kucoin,0.0980300028991869,3687.87536789035,48795.41666666675,True,2950.30029431228,0.416,172.32071990640355,29983.50326548569
2025-11-14 13:00:00+00:00,Kucoin,0.0822036474787319,4234.537122067825,48100.54166666675,True,3387.6296976542603,0.416,165.52433024817657,30149.027595733867
2025-11-14 14:00:00+00:00,Kucoin,0.1106782337855312,4291.23783911675,47089.375,True,3432.9902712934004,0.416,226.70530757928094,30375.732903313146
2025-11-14 15:00:00+00:00,Kucoin,0.0726388087136798,6032.387139906125,47210.54166666675,True,4825.909711924901,0.416,207.9575676383105,30583.690470951457
2025-11-14 16:00:00+00:00,Kucoin,0.0440310916620081,6666.952323257075,43524.33333333325,True,5333.56185860566,0.416,137.79638139648057,30721.486852347938
2025-11-14 17:00:00+00:00,Kucoin,0.0973110808367416,6742.7995315878,35219.83333333325,True,4402.479166666656,0.416,255.23022514116448,30976.717077489102
2025-11-14 18:00:00+00:00,Kucoin,0.1101751519938338,6661.15740851305,22129.958333333325,True,2766.2447916666656,0.416,181.83581420361247,31158.552891692714
2025-11-14 19:00:00+00:00,Kucoin,0.0913417580084247,6659.5203816237,20510.0,True,2563.75,0.416,139.40008223916035,31297.952973931875
2025-11-14 20:00:00+00:00,Kucoin,0.0850650980997275,6155.687494397225,20158.0,True,2519.75,0.416,127.46766962107074,31425.420643552945
2025-11-14 21:00:00+00:00,Kucoin,0.0820336727931212,6024.16151151665,20370.708333333325,True,2546.3385416666656,0.416,124.15659356735026,31549.577237120295
2025-11-14 22:00:00+00:00,Kucoin,0.0948567578835103,5502.413800815675,20647.5,True,2580.9375,0.416,145.80685429334332,31695.384091413638
2025-11-14 23:00:00+00:00,Kucoin,0.1045120286898697,4889.25693039125,21500.75,True,2687.59375,0.416,167.48497200437015,31862.86906341801
2025-11-15 00:00:00+00:00,Kucoin,0.1073370564319961,6587.7730975703,21266.708333333325,True,2658.3385416666656,0.416,170.19181101633416,32033.060874434344
2025-11-15 01:00:00+00:00,Kucoin,0.1040967719687699,6666.68532603765,21409.125,True,2676.140625,0.416,166.10091092946215,32199.161785363805
2025-11-15 02:00:00+00:00,Kucoin,0.1040219621828651,6678.396393816,21616.916666666675,True,2702.1145833333344,0.416,167.59111161596508,32366.75289697977
2025-11-15 03:00:00+00:00,Kucoin,0.075642965204236,6669.9621769831,21788.25,True,2723.53125,0.416,122.29743802048407,32489.050335000255
2025-11-15 04:00:00+00:00,Kucoin,0.075642965204236,6671.558894856775,21472.583333333325,True,2684.0729166666656,0.416,120.5256011542006,32609.575936154455
2025-11-15 05:00:00+00:00,Kucoin,0.075642965204236,6679.059186413675,20798.625,True,2599.828125,0.416,116.74267331468984,32726.318609469145
2025-11-15 06:00:00+00:00,Kucoin,0.0976905993176732,6676.67233355325,20608.958333333325,True,2576.1197916666656,0.416,149.93823386358008,32876.256843332725
2025-11-15 07:00:00+00:00,Kucoin,0.0756143667296786,6669.12958957125,19575.541666666675,True,2446.9427083333344,0.416,109.83529585326399,32986.09213918599
2025-11-15 08:00:00+00:00,Kucoin,0.1009791239786389,6667.3937340585,19436.041666666675,True,2429.5052083333344,0.416,146.22406531786933,33132.316204503855
2025-11-15 09:00:00+00:00,Kucoin,0.1517450682852807,6690.134499459125,18803.708333333325,True,2350.4635416666656,0.416,213.44273885138577,33345.75894335524
2025-11-15 10:00:00+00:00,Kucoin,0.151745068285281,6689.6495495637,19269.291666666675,True,2408.6614583333344,0.416,218.7276209644567,33564.4865643197
2025-11-15 11:00:00+00:00,Kucoin,0.1138303927148548,6796.896347618675,18186.25,True,2273.28125,0.416,154.44366575509378,33718.93023007479
2025-11-15 12:00:00+00:00,Kucoin,0.091671524710699,6909.834188330475,15748.833333333325,True,1968.6041666666656,0.416,107.43150069173346,33826.36173076652
2025-11-15 13:00:00+00:00,Kucoin,0.0758245948650304,6839.708739331225,15309.458333333325,True,1913.6822916666656,0.416,86.14164427989593,33912.50337504641
2025-11-15 14:00:00+00:00,Kucoin,0.0757655259095186,6624.18886244655,14903.583333333325,True,1862.9479166666656,0.416,83.79153210064969,33996.294907147065
2025-11-15 15:00:00+00:00,Kucoin,0.0672328331784102,4076.33472061385,25520.54166666675,True,3190.067708333344,0.416,127.06360275552447,34123.35850990259
2025-11-15 16:00:00+00:00,Kucoin,0.0774468639863636,4191.537413673675,40445.91666666675,True,3353.22993093894,0.416,154.22211432825262,34277.58062423084
2025-11-15 17:00:00+00:00,Kucoin,0.0774518368178038,4255.048026696525,41324.25,True,3404.03842135722,0.416,156.5691147192451,34434.14973895009
2025-11-15 18:00:00+00:00,Kucoin,0.0967829401658249,4326.876530366875,40148.91666666675,True,3461.5012242935004,0.416,199.57503212944295,34633.72477107953
2025-11-15 19:00:00+00:00,Kucoin,0.116121540545771,4291.61905133355,41211.95833333325,True,3433.29524106684,0.416,237.9983376015252,34871.72310868105
2025-11-15 20:00:00+00:00,Kucoin,0.1096661738190889,4220.1287678676,40896.83333333325,True,3376.10301429408,0.416,220.88760335215756,35092.61071203321
2025-11-15 21:00:00+00:00,Kucoin,0.1064430262765426,4058.138372068,39789.79166666675,True,3246.5106976544002,0.416,206.09691875030424,35298.707630783516
2025-11-15 22:00:00+00:00,Kucoin,0.1871460617946569,4091.31263458895,39109.29166666675,True,3273.0501076711603,0.416,367.1140210350676,35665.82165181858
2025-11-15 23:00:00+00:00,Kucoin,0.1548586914440572,4167.62855311915,38844.29166666675,True,3334.10284249532,0.416,309.02773236638217,35974.84938418496
2025-11-16 00:00:00+00:00,Kucoin,0.1225889825017037,4421.931864583825,33894.875,True,3537.54549166706,0.416,259.0255696250903,36233.87495381005
2025-11-16 01:00:00+00:00,Kucoin,0.0742687870747113,4309.708157622275,38327.625,True,3447.7665260978206,0.416,151.96062808542723,36385.83558189548
2025-11-16 02:00:00+00:00,Kucoin,0.1015241457542122,3796.38023879135,40534.83333333325,True,3037.1041910330805,0.416,183.79195374646108,36569.62753564194
2025-11-16 03:00:00+00:00,Kucoin,0.1549786904300659,4144.852792439425,41482.08333333325,True,3315.88223395154,0.416,307.57893502261715,36877.20647066456
2025-11-16 04:00:00+00:00,Kucoin,0.1163630458319163,4132.56576758325,41481.58333333325,True,3306.0526140666,0.416,229.6594055137798,37106.865876178344
2025-11-16 05:00:00+00:00,Kucoin,0.1453319809651294,4137.7784311409,41616.83333333325,True,3310.22274491272,0.416,287.7921256733714,37394.65800185171
2025-11-16 06:00:00+00:00,Kucoin,0.1485186749088614,4139.366040145275,41697.75,True,3311.4928321162206,0.416,294.2679447537247,37688.925946605435
2025-11-16 07:00:00+00:00,Kucoin,0.1549786904300659,4129.388126600725,41487.58333333325,True,3303.51050128058,0.416,306.43134168520737,37995.357288290645
2025-11-16 08:00:00+00:00,Kucoin,0.1485187440483711,4128.464043755025,41430.08333333325,True,3302.77123500402,0.416,293.49305848463143,38288.850346775274
2025-11-16 09:00:00+00:00,Kucoin,0.126018481247139,4185.5144005724,41397.70833333325,True,3348.41152045792,0.416,252.1036039942253,38540.9539507695
2025-11-16 10:00:00+00:00,Kucoin,0.1548787222315518,4069.568505583725,38434.95833333325,True,3255.65480446698,0.416,301.79596181170683,38842.74991258121
2025-11-16 11:00:00+00:00,Kucoin,0.1260426100121009,4192.413560228625,37839.08333333325,True,3353.9308481829003,0.416,252.56797167119072,39095.3178842524
2025-11-16 12:00:00+00:00,Kucoin,0.1197819609161617,3835.679786434275,37965.41666666675,True,3068.54382914742,0.416,219.48876327262906,39314.80664752503
2025-11-16 13:00:00+00:00,Kucoin,0.0906903750325253,3679.054139680425,38013.33333333325,True,2943.24331174434,0.416,158.87802290087956,39473.68467042591
2025-11-16 14:00:00+00:00,Kucoin,0.0809551213487269,3662.38023075775,37902.91666666675,True,2929.9041846062,0.416,140.95267783415304,39614.63734826006
2025-11-16 15:00:00+00:00,Kucoin,0.0776184167656372,4173.375262709475,30155.33333333325,True,3338.70021016758,0.416,153.89935265883545,39768.5367009189
2025-11-16 16:00:00+00:00,Kucoin,0.0938920018296187,3946.75385098695,21986.125,True,2748.265625,0.416,153.66052057995736,39922.19722149886
2025-11-16 17:00:00+00:00,Kucoin,0.0777101933174351,3989.226844990275,16196.583333333325,True,2024.5729166666656,0.416,93.43596063241212,40015.63318213127
2025-11-16 18:00:00+00:00,Kucoin,0.0518758152372346,5084.231013610325,14544.375,True,1818.046875,0.416,55.573423742175464,40071.20660587345
2025-11-16 19:00:00+00:00,Kucoin,0.1496197774748356,5971.9590610296,20634.125,True,2579.265625,0.416,230.9134229629508,40302.1200288364
2025-11-16 20:00:00+00:00,Kucoin,0.0776096235933256,7567.50299723675,26301.875,True,3287.734375,0.416,151.532614188572,40453.65264302497
2025-11-16 21:00:00+00:00,Kucoin,0.1134593365696519,3442.8734610052,26870.16666666675,True,2754.2987688041603,0.416,186.50687790834024,40640.15952093331
2025-11-16 22:00:00+00:00,Kucoin,0.0810657269583415,3706.384432504875,26357.91666666675,True,2965.1075460039,0.416,142.84407530570732,40783.00359623902
2025-11-16 23:00:00+00:00,Kucoin,0.0970374638136885,6864.257029347525,27022.58333333325,True,3377.822916666656,0.416,195.26909926799726,40978.27269550702
2025-11-17 00:00:00+00:00,Kucoin,0.1196377351916025,7385.73104554965,27340.0,True,3417.5,0.416,244.15181108243627,41222.42450658945
2025-11-17 01:00:00+00:00,Kucoin,0.1550387596899225,8056.574479172125,27320.58333333325,True,3415.072916666656,0.416,316.9035349119887,41539.32804150144
2025-11-17 02:00:00+00:00,Kucoin,0.0808745052303248,6813.826266124275,25325.29166666675,True,3165.661458333344,0.416,152.1406182849927,41691.46865978643
2025-11-17 03:00:00+00:00,Kucoin,0.106723062790553,7089.16795044495,24502.333333333325,True,3062.7916666666656,0.416,194.95131891716875,41886.4199787036
2025-11-17 04:00:00+00:00,Kucoin,0.0775193798449612,8085.59307562215,24586.541666666675,True,3073.3177083333344,0.416,141.48279278493536,42027.90277148853
2025-11-17 05:00:00+00:00,Kucoin,0.0775193798449612,8082.240244155675,24553.333333333325,True,3069.1666666666656,0.416,141.29169605374662,42169.19446754228
2025-11-17 06:00:00+00:00,Kucoin,0.0936598684815304,8081.2091963655,24481.75,True,3060.21875,0.416,170.67388564390708,42339.86835318618
2025-11-17 07:00:00+00:00,Kucoin,0.119395862837776,8082.06498414,24690.875,True,3086.359375,0.416,220.04428932328827,42559.91264250947
2025-11-17 08:00:00+00:00,Kucoin,1.125910148091531,3565.554115132075,22294.125,True,2786.765625,0.416,1890.6119187262107,44450.52456123568
2025-11-17 09:00:00+00:00,Kucoin,0.4539930015491721,3501.35891340785,22349.625,True,2793.703125,0.416,763.0294355585305,45213.55399679421
2025-11-17 10:00:00+00:00,Kucoin,0.1488277142923907,7531.858032336275,23058.333333333325,True,2882.2916666666656,0.416,256.66529802255985,45470.21929481677
2025-11-10 12:00:00+00:00,MEXC,0.0822001934332619,4761.148951855975,24283.083333333325,True,3035.3854166666656,0.416,148.3068573155637,10148.306857315563
2025-11-10 13:00:00+00:00,MEXC,0.0788485319678822,5564.4841029475,23581.708333333325,True,2947.7135416666656,0.416,138.06381151670925,10286.370668832273
2025-11-10 14:00:00+00:00,MEXC,0.0758876663138552,5469.573238362425,23430.583333333325,True,2928.8229166666656,0.416,131.94815945123878,10418.31882828351
2025-11-10 15:00:00+00:00,MEXC,0.0763142538192914,5744.04194376315,27848.875,True,3481.109375,0.416,157.72529888601156,10576.044127169522
2025-11-10 16:00:00+00:00,MEXC,0.0855014280530362,5150.4621834965,27882.33333333325,True,3485.291666666656,0.416,177.22924701578776,10753.27337418531
2025-11-10 17:00:00+00:00,MEXC,0.0794849006953565,5325.769670728075,29096.83333333325,True,3637.104166666656,0.416,171.74934018691962,10925.02271437223
2025-11-10 18:00:00+00:00,MEXC,0.1070128819242412,4827.401451354325,28870.125,True,3608.765625,0.416,230.33426703333652,11155.356981405566
2025-11-10 19:00:00+00:00,MEXC,0.0733675715333821,5818.844475076425,28898.66666666675,True,3612.333333333344,0.416,157.25021317900723,11312.607194584574
2025-11-10 20:00:00+00:00,MEXC,0.0978099741776106,4939.81746199395,27672.58333333325,True,3459.072916666656,0.416,201.57794611908707,11514.185140703661
2025-11-10 21:00:00+00:00,MEXC,0.1156985975460238,5080.8680787556,28599.08333333325,True,3574.885416666656,0.416,246.9014419307464,11761.086582634407
2025-11-10 22:00:00+00:00,MEXC,0.0764162164482804,5105.5225828222,31919.08333333325,True,3989.885416666656,0.416,181.0227841346342,11942.109366769042
2025-11-10 23:00:00+00:00,MEXC,0.0822685848544055,4218.786535909375,37432.75,True,3375.0292287275,0.416,165.04085434804506,12107.150221117086
2025-11-11 00:00:00+00:00,MEXC,0.0793342034882332,4440.6776362296,37989.83333333325,True,3552.54210898368,0.416,167.43326898004904,12274.583490097135
2025-11-11 01:00:00+00:00,MEXC,0.0913880557043226,4496.54845841665,41505.25,True,3597.23876673332,0.416,195.69495167041885,12470.278441767554
2025-11-11 02:00:00+00:00,MEXC,0.070070146806972,4398.799187587025,45766.29166666675,True,3519.03935006962,0.416,146.18959561659182,12616.468037384146
2025-11-11 03:00:00+00:00,MEXC,0.088161270691239,4547.779544205425,47104.83333333325,True,3638.22363536434,0.416,190.84316079535776,12807.311198179503
2025-11-11 04:00:00+00:00,MEXC,0.082022161888954,4870.9330656728,47550.25,True,3896.74645253824,0.416,189.97390268875893,12997.285100868261
2025-11-11 05:00:00+00:00,MEXC,0.1158742599081355,4392.4302526919,49873.70833333325,True,3513.94420215352,0.416,243.06483908663253,13240.349939954893
2025-11-11 06:00:00+00:00,MEXC,0.0732802325106369,4116.508154230675,53103.33333333325,True,3293.2065233845406,0.416,143.18465544077782,13383.534595395671
2025-11-11 07:00:00+00:00,MEXC,0.1623710456505816,4254.52238213045,54139.66666666675,True,3403.61790570436,0.416,330.8942010163923,13714.428796412063
2025-11-11 08:00:00+00:00,MEXC,0.0735069108583907,4675.422023647775,55614.91666666675,True,3740.33761891822,0.416,163.1368025029755,13877.565598915038
2025-11-11 09:00:00+00:00,MEXC,0.0735564545788893,4439.888277643275,55069.875,True,3551.91062211462,0.416,155.0246074690979,14032.590206384137
2025-11-11 10:00:00+00:00,MEXC,0.0735564545788893,4062.8134189381,53469.08333333325,True,3250.25073515048,0.416,141.85853699575168,14174.448743379888
2025-11-11 11:00:00+00:00,MEXC,0.0735564545788893,4288.494737679025,52859.45833333325,True,3430.79579014322,0.416,149.7385005585941,14324.187243938482
2025-11-11 12:00:00+00:00,MEXC,0.0796895413440961,4707.6184025026,52586.79166666675,True,3766.09472200208,0.416,178.30534538466136,14502.492589323143
2025-11-11 13:00:00+00:00,MEXC,0.0919669910050254,5213.038738999,51739.83333333325,True,4170.4309911992,0.416,228.33380327040297,14730.826392593546
2025-11-11 14:00:00+00:00,MEXC,0.0735880310645037,4665.4421113175,51356.91666666675,True,3732.3536890540004,0.416,162.97120962349183,14893.797602217039
2025-11-11 15:00:00+00:00,MEXC,0.0736105999263894,4351.5257444573,45987.29166666675,True,3481.22059556584,0.416,152.0530103503783,15045.850612567418
2025-11-11 16:00:00+00:00,MEXC,0.0736105999263894,4591.48949216865,44624.79166666675,True,3673.1915937349204,0.416,160.4379337903797,15206.288546357797
2025-11-11 17:00:00+00:00,MEXC,0.0766861775002776,5167.92540455395,42364.29166666675,True,4134.34032364316,0.416,188.2500022623043,15394.538548620101
2025-11-11 18:00:00+00:00,MEXC,0.0675238300382718,4820.027177469625,41468.54166666675,True,3856.0217419757,0.416,154.26606600124998,15548.804614621351
2025-11-11 19:00:00+00:00,MEXC,0.1870118713423864,5049.989938860975,45705.5,True,4039.99195108878,0.416,452.80924987083887,16001.61386449219
2025-11-11 20:00:00+00:00,MEXC,0.1537155834493721,4771.636974969575,47948.0,True,3817.30957997566,0.416,351.18255611106923,16352.79642060326
2025-11-11 21:00:00+00:00,MEXC,0.0739553892448293,4724.01660643895,48133.375,True,3779.2132851511597,0.416,165.85474618776286,16518.651166791024
2025-11-11 22:00:00+00:00,MEXC,0.0740169629946677,4575.738245908725,45787.95833333325,True,3660.59059672698,0.416,160.78482390036382,16679.43599069139
2025-11-11 23:00:00+00:00,MEXC,0.074019245003701,4686.350442356825,41144.70833333325,True,3749.0803538854598,0.416,164.67673713953843,16844.11272783093
2025-11-12 00:00:00+00:00,MEXC,0.0771256459583332,4230.338831145725,37918.08333333325,True,3384.27106491658,0.416,154.99402951457856,16999.106757345508
2025-11-12 01:00:00+00:00,MEXC,0.0894851879374167,4401.695818893625,35351.0,True,3521.3566551149,0.416,187.52500808398793,17186.631765429494
2025-11-12 02:00:00+00:00,MEXC,0.0740740740740741,4151.291024215475,32589.04166666675,True,3321.03281937238,0.416,145.98477002220474,17332.6165354517
2025-11-12 03:00:00+00:00,MEXC,0.0739987119935325,4301.31795950175,29814.83333333325,True,3441.0543676014004,0.416,151.1042093594164,17483.720744811115
2025-11-12 04:00:00+00:00,MEXC,0.0739918608953014,4291.76497502485,28777.58333333325,True,3433.4119800198805,0.416,150.75442657870786,17634.475171389822
2025-11-12 05:00:00+00:00,MEXC,0.0739918608953014,4074.2948375631,26887.45833333325,True,3259.43587005048,0.416,143.1154747577617,17777.590646147582
2025-11-12 06:00:00+00:00,MEXC,0.0739736183260472,3530.99099679835,24113.0,True,2824.7927974386803,0.416,124.00006099183288,17901.590707139414
2025-11-12 07:00:00+00:00,MEXC,0.0739644970414201,3790.589574382675,22055.5,True,2756.9375,0.416,121.00624528307685,18022.59695242249
2025-11-12 08:00:00+00:00,MEXC,0.0924522124065305,3373.1230671513,20227.166666666675,True,2528.3958333333344,0.416,139.17133766229162,18161.76829008478
2025-11-12 09:00:00+00:00,MEXC,0.0830752421191737,2237.5713894142177,20037.375,True,1790.0571115313742,0.416,88.40581199839208,18250.174102083172
2025-11-12 10:00:00+00:00,MEXC,0.0829254053888074,2364.5765984112977,20983.708333333325,True,1891.6612787290383,0.416,93.25278062902404,18343.426882712196
2025-11-12 11:00:00+00:00,MEXC,0.082826041571271,3112.4542140813,22284.208333333325,True,2489.96337126504,0.416,122.59789892398557,18466.02478163618
2025-11-12 12:00:00+00:00,MEXC,0.4784536887958617,4178.918422373125,22391.458333333325,True,2798.9322916666656,0.416,805.7550189675032,19271.779800603683
2025-11-12 13:00:00+00:00,MEXC,0.0798975147305044,5566.107668920625,24328.0,True,3041.0,0.416,144.35730663262376,19416.137107236307
2025-11-12 14:00:00+00:00,MEXC,0.2609355481044338,5069.751366093925,25630.66666666675,True,3203.833333333344,0.416,501.9525222231343,19918.089629459442
2025-11-12 15:00:00+00:00,MEXC,0.2362907609079154,4917.79156292245,28780.54166666675,True,3597.567708333344,0.416,510.1593737578021,20428.249003217243
2025-11-12 16:00:00+00:00,MEXC,0.0711684633721839,5612.771134827925,36898.66666666675,True,4490.21690786234,0.416,189.5095017977591,20617.758505015
2025-11-12 17:00:00+00:00,MEXC,0.0991187728081756,5155.96235244255,37806.0,True,4124.76988195404,0.416,243.62789867010034,20861.3864036851
2025-11-12 18:00:00+00:00,MEXC,0.0991187728081756,5728.008670552375,37319.79166666675,True,4582.4069364419,0.416,270.6580499583544,21132.044453643455
2025-11-12 19:00:00+00:00,MEXC,0.0774410038616507,5713.717042471225,34985.08333333325,True,4373.135416666656,0.416,201.1142596631691,21333.158713306624
2025-11-12 20:00:00+00:00,MEXC,0.09911416798702,4737.9277957596,32788.875,True,3790.3422366076798,0.416,223.86453415084804,21557.023247457473
2025-11-12 21:00:00+00:00,MEXC,0.092858146341543,4467.83146860055,31499.16666666675,True,3574.26517488044,0.416,197.61466594308382,21754.63791340056
2025-11-12 22:00:00+00:00,MEXC,0.0740740740740741,5062.0033179846,30137.5,True,3767.1875,0.416,165.59667751851853,21920.234590919077
2025-11-12 23:00:00+00:00,MEXC,0.0740740740740741,5233.29779777665,29467.08333333325,True,3683.385416666656,0.416,161.9129355839502,22082.147526503028
2025-11-13 00:00:00+00:00,MEXC,0.0740740740740741,5337.349584071125,29761.41666666675,True,3720.177083333344,0.416,163.5302104767906,22245.67773697982
2025-11-13 01:00:00+00:00,MEXC,0.0740740740740741,5329.2974672499,29720.04166666675,True,3715.005208333344,0.416,163.30286704975356,22408.980604029573
2025-11-13 02:00:00+00:00,MEXC,0.0740740740740741,7230.58974015735,29480.33333333325,True,3685.041666666656,0.416,161.98574042765387,22570.96634445723
2025-11-13 03:00:00+00:00,MEXC,0.0740740740740741,7080.9307938032,29786.33333333325,True,3723.291666666656,0.416,163.66712021432056,22734.633464671548
2025-11-13 04:00:00+00:00,MEXC,0.0740740740740741,6422.262570365725,31740.41666666675,True,3967.552083333344,0.416,174.40423203827208,22909.03769670982
2025-11-13 05:00:00+00:00,MEXC,0.0740740740740741,6400.183771760975,31742.79166666675,True,3967.848958333344,0.416,174.41728196308694,23083.454978672908
2025-11-13 06:00:00+00:00,MEXC,0.0863375496124648,5446.110853729475,36132.41666666675,True,4356.88868298358,0.416,223.7478872865917,23307.202865959498
2025-11-13 07:00:00+00:00,MEXC,0.0739644970414201,5199.86400144025,37403.41666666675,True,4159.8912011522,0.416,182.58405025051755,23489.786916210014
2025-11-13 08:00:00+00:00,MEXC,0.0739644970414201,5169.870206462575,37432.70833333325,True,4135.89616517006,0.416,181.53087105815976,23671.317787268174
2025-11-13 09:00:00+00:00,MEXC,0.0739644970414201,6427.007236816775,36615.375,True,4576.921875,0.416,200.88817067769222,23872.205957945866
2025-11-13 10:00:00+00:00,MEXC,0.0708843535553134,6659.928249070125,35959.125,True,4494.890625,0.416,188.93644385499402,24061.14240180086
2025-11-13 11:00:00+00:00,MEXC,0.0801316249773377,6773.147007760725,34322.25,True,4290.28125,0.416,204.26696678953346,24265.409368590394
2025-11-13 12:00:00+00:00,MEXC,0.077109795461744,4311.6303713937,35917.375,True,3449.3042971149607,0.416,157.93946535536057,24423.348833945754
2025-11-13 13:00:00+00:00,MEXC,0.1048024170421649,4607.432975454725,36015.45833333325,True,3685.9463803637805,0.416,230.3457659092031,24653.694599854956
2025-11-13 14:00:00+00:00,MEXC,0.0770741905189193,4799.435742716575,35964.29166666675,True,3839.5485941732604,0.416,175.72581737750147,24829.420417232457
2025-11-13 15:00:00+00:00,MEXC,0.0831989359956262,6659.197093857075,34750.04166666675,True,4343.755208333344,0.416,214.84976976226434,25044.270186994723
2025-11-13 16:00:00+00:00,MEXC,0.0817248634059694,6867.936123289075,31279.58333333325,True,3909.947916666656,0.416,189.91632681854713,25234.18651381327
2025-11-13 17:00:00+00:00,MEXC,0.0788064646296396,4962.080774565925,39110.58333333325,True,3969.66461965274,0.416,185.82881137603638,25420.015325189306
2025-11-13 18:00:00+00:00,MEXC,0.0690793043856755,4217.551191633175,52759.29166666675,True,3374.0409533065404,0.416,138.14941989675114,25558.16474508606
2025-11-13 19:00:00+00:00,MEXC,0.0596731722434756,3952.44059636095,53226.375,True,3161.95247708876,0.416,111.52528114491642,25669.690026230975
2025-11-13 20:00:00+00:00,MEXC,0.0754147812971341,4117.96952877955,53557.70833333325,True,3294.3756230236404,0.416,147.47719219638014,25817.167218427356
2025-11-13 21:00:00+00:00,MEXC,0.0754147812971341,6275.38036126785,53874.29166666675,True,5020.304289014281,0.416,224.74072942408907,26041.907947851443
2025-11-13 22:00:00+00:00,MEXC,0.0754147812971341,6197.68680183205,53979.54166666675,True,4958.149441465641,0.416,221.95828338672607,26263.866231238168
2025-11-13 23:00:00+00:00,MEXC,0.0816884262554814,6306.615670355775,54166.70833333325,True,5045.292536284621,0.416,244.9520742464262,26508.818305484594
2025-11-14 00:00:00+00:00,MEXC,0.0753863550697324,6214.615599925025,54468.0,True,4971.69247994002,0.416,222.4793077481752,26731.297613232768
2025-11-14 01:00:00+00:00,MEXC,0.0753863550697324,6227.93844899985,54655.91666666675,True,4982.3507591998805,0.416,222.95625731838447,26954.25387055115
2025-11-14 02:00:00+00:00,MEXC,0.0753863550697324,6230.7164501086,54616.04166666675,True,4984.57316008688,0.416,223.05570800099886,27177.30957855215
2025-11-14 03:00:00+00:00,MEXC,0.091100727230828,6289.38131931665,54147.54166666675,True,5031.50505545332,0.416,272.8490532138673,27450.15863176602
2025-11-14 04:00:00+00:00,MEXC,0.2138960014501021,5496.358374615075,52292.79166666675,True,4397.08669969206,0.416,564.1384322613287,28014.29706402735
2025-11-14 05:00:00+00:00,MEXC,0.415486307837583,4932.59418118965,52977.16666666675,True,3946.07534495172,0.416,986.1143670177277,29000.411431045075
2025-11-14 06:00:00+00:00,MEXC,0.434414857734432,6246.8594972007,48525.33333333325,True,4997.487597760561,0.416,1305.9194820278765,30306.33091307295
2025-11-14 07:00:00+00:00,MEXC,0.491029272898961,6240.4799433363,48291.04166666675,True,4992.38395466904,0.416,1475.0748120969386,31781.40572516989
2025-11-14 08:00:00+00:00,MEXC,0.491029272898961,6250.318569553025,47970.08333333325,True,5000.25485564242,0.416,1477.4003879900915,33258.80611315998
2025-11-14 09:00:00+00:00,MEXC,0.3144915265631254,6154.865604328525,48170.5,True,4923.89248346282,0.416,930.504639802945,34189.31075296293
2025-11-14 10:00:00+00:00,MEXC,0.3631423182628132,6075.25475944595,47114.16666666675,True,4860.203807556761,0.416,1061.0972229887852,35250.40797595171
2025-11-14 11:00:00+00:00,MEXC,0.8293266960550293,5163.653212949375,49442.95833333325,True,4130.9225703595,0.416,2063.5033231421007,37313.911299093816
2025-11-14 12:00:00+00:00,MEXC,0.7037786619557909,3687.87536789035,48795.41666666675,True,2950.30029431228,0.416,1250.3238375934848,38564.2351366873
2025-11-14 13:00:00+00:00,MEXC,0.6471887035485769,4234.537122067825,48100.54166666675,True,3387.6296976542603,0.416,1320.0250955469692,39884.260232234265
2025-11-14 14:00:00+00:00,MEXC,0.230341225669811,4291.23783911675,47089.375,True,3432.9902712934004,0.416,474.5010058011494,40358.76123803541
2025-11-14 15:00:00+00:00,MEXC,0.0819978380137771,6032.387139906125,47210.54166666675,True,4825.909711924901,0.416,235.2015965316874,40593.9628345671
2025-11-14 16:00:00+00:00,MEXC,0.0756715853197124,6666.952323257075,43524.33333333325,True,5333.56185860566,0.416,239.59032038910462,40833.55315495621
2025-11-14 17:00:00+00:00,MEXC,0.0756715853197124,6742.7995315878,35219.83333333325,True,4402.479166666656,0.416,197.764912456415,41031.31806741262
2025-11-14 18:00:00+00:00,MEXC,0.0756715853197124,6661.15740851305,22129.958333333325,True,2766.2447916666656,0.416,124.26320224274546,41155.58126965536
2025-11-14 19:00:00+00:00,MEXC,0.0788227789458186,6659.5203816237,20510.0,True,2563.75,0.416,120.04005699187697,41275.62132664724
2025-11-14 20:00:00+00:00,MEXC,0.0913977493980708,6155.687494397225,20158.0,True,2519.75,0.416,137.09274992041983,41412.71407656766
2025-11-14 21:00:00+00:00,MEXC,0.075642965204236,6024.16151151665,20370.708333333325,True,2546.3385416666656,0.416,114.34077724595555,41527.05485381361
2025-11-14 22:00:00+00:00,MEXC,0.078855694445904,5502.413800815675,20647.5,True,2580.9375,0.416,120.89605471081393,41647.95090852443
2025-11-14 23:00:00+00:00,MEXC,0.0790201081189712,4889.25693039125,21500.75,True,2687.59375,0.416,126.15857799877831,41774.10948652321
2025-11-15 00:00:00+00:00,MEXC,0.0758725341426404,6587.7730975703,21266.708333333325,True,2658.3385416666656,0.416,119.73814091082951,41893.847627434036
2025-11-15 01:00:00+00:00,MEXC,0.0758725341426404,6666.68532603765,21409.125,True,2676.140625,0.416,120.53999076150231,42014.387618195535
2025-11-15 02:00:00+00:00,MEXC,0.0758653410696272,6678.396393816,21616.916666666675,True,2702.1145833333344,0.416,121.69819796659432,42136.08581616213
2025-11-15 03:00:00+00:00,MEXC,0.0758413659773931,6669.9621769831,21788.25,True,2723.53125,0.416,122.62337756617292,42258.709193728304
2025-11-15 04:00:00+00:00,MEXC,0.0758437618505877,6671.558894856775,21472.583333333325,True,2684.0729166666656,0.416,120.85069750742738,42379.55989123573
2025-11-15 05:00:00+00:00,MEXC,0.0758437618505877,6679.059186413675,20798.625,True,2599.828125,0.416,117.0575658935038,42496.617457129236
2025-11-15 06:00:00+00:00,MEXC,0.0821556891006644,6676.67233355325,20608.958333333325,True,2576.1197916666656,0.416,125.79829673354968,42622.415753862784
2025-11-15 07:00:00+00:00,MEXC,0.0852972774865347,6669.12958957125,19575.541666666675,True,2446.9427083333344,0.416,124.12723186561306,42746.542985728396
2025-11-15 08:00:00+00:00,MEXC,0.0758150113722517,6667.3937340585,19436.041666666675,True,2429.5052083333344,0.416,109.34662343723784,42855.889609165635
2025-11-15 09:00:00+00:00,MEXC,0.0758150113722517,6690.134499459125,18803.708333333325,True,2350.4635416666656,0.416,105.78913389936562,42961.678743065
2025-11-15 10:00:00+00:00,MEXC,0.0473789944576166,6689.6495495637,19269.291666666675,True,2408.6614583333344,0.416,67.09367308602073,43028.77241615102
2025-11-15 11:00:00+00:00,MEXC,0.0379003221527382,6796.896347618675,18186.25,True,2273.28125,0.416,50.325069024767714,43079.097485175786
2025-11-15 12:00:00+00:00,MEXC,0.0379003221527383,6909.834188330475,15748.833333333325,True,1968.6041666666656,0.416,43.58023916747897,43122.677724343266
2025-11-15 13:00:00+00:00,MEXC,0.0758150113722517,6839.708739331225,15309.458333333325,True,1913.6822916666656,0.416,86.13058173640881,43208.80830607968
2025-11-15 14:00:00+00:00,MEXC,0.0853142953204125,6624.18886244655,14903.583333333325,True,1862.9479166666656,0.416,94.5217725013612,43303.33007858104
2025-11-15 15:00:00+00:00,MEXC,0.076626883519923,4076.33472061385,25520.54166666675,True,3190.067708333344,0.416,145.1400932437389,43448.47017182478
2025-11-15 16:00:00+00:00,MEXC,0.0772374931453386,4191.537413673675,40445.91666666675,True,3353.22993093894,0.416,153.79862656635154,43602.26879839113
2025-11-15 17:00:00+00:00,MEXC,0.0772200772200772,4255.048026696525,41324.25,True,3404.03842135722,0.416,156.09323903469672,43758.362037425824
2025-11-15 18:00:00+00:00,MEXC,0.0772200772200772,4326.876530366875,40148.91666666675,True,3461.5012242935004,0.416,158.72821371008837,43917.090251135916
2025-11-15 19:00:00+00:00,MEXC,0.0869005478717084,4291.61905133355,41211.95833333325,True,3433.29524106684,0.416,177.4827228049816,44094.5729739409
2025-11-15 20:00:00+00:00,MEXC,0.0772499034376207,4220.1287678676,40896.83333333325,True,3376.10301429408,0.416,154.87299232585903,44249.44596626676
2025-11-15 21:00:00+00:00,MEXC,0.0772499034376207,4058.138372068,39789.79166666675,True,3246.5106976544002,0.416,148.92816487970242,44398.37413114646
2025-11-15 22:00:00+00:00,MEXC,0.0901671781316966,4091.31263458895,39109.29166666675,True,3273.0501076711603,0.416,175.64824008017132,44574.02237122663
2025-11-15 23:00:00+00:00,MEXC,0.0966183589310311,4167.62855311915,38844.29166666675,True,3334.10284249532,0.416,191.8988038324759,44765.921175059106
2025-11-16 00:00:00+00:00,MEXC,0.0773096250483185,4421.931864583825,33894.875,True,3537.54549166706,0.416,162.4063286123685,44928.32750367148
2025-11-16 01:00:00+00:00,MEXC,0.0773195901972033,4309.708157622275,38327.625,True,3447.7665260978206,0.416,158.30536127751984,45086.632864948995
2025-11-16 02:00:00+00:00,MEXC,0.0871013194785828,3796.38023879135,40534.83333333325,True,3037.1041910330805,0.416,157.36960646589696,45244.00247141489
2025-11-16 03:00:00+00:00,MEXC,0.0774293457220286,4144.852792439425,41482.08333333325,True,3315.88223395154,0.416,152.46937601744798,45396.47184743234
2025-11-16 04:00:00+00:00,MEXC,0.0774293457220286,4132.56576758325,41481.58333333325,True,3306.0526140666,0.416,152.01739494435682,45548.489242376694
2025-11-16 05:00:00+00:00,MEXC,0.0774293457220286,4137.7784311409,41616.83333333325,True,3310.22274491272,0.416,152.2091439882489,45700.698386364944
2025-11-16 06:00:00+00:00,MEXC,0.0774293457220286,4139.366040145275,41697.75,True,3311.4928321162206,0.416,152.26754455550147,45852.96593092044
2025-11-16 07:00:00+00:00,MEXC,0.0871261306758044,4129.388126600725,41487.58333333325,True,3303.51050128058,0.416,171.22307021322646,46024.18900113367
2025-11-16 08:00:00+00:00,MEXC,0.0774293457220286,4128.464043755025,41430.08333333325,True,3302.77123500402,0.416,151.86651207734013,46176.05551321101
2025-11-16 09:00:00+00:00,MEXC,0.1032541187902083,4185.5144005724,41397.70833333325,True,3348.41152045792,0.416,206.1250136390041,46382.18052685001
2025-11-16 10:00:00+00:00,MEXC,0.1161665053242981,4069.568505583725,38434.95833333325,True,3255.65480446698,0.416,225.77248526441568,46607.95301211443
2025-11-16 11:00:00+00:00,MEXC,0.0935948248054587,4192.413560228625,37839.08333333325,True,3353.9308481829003,0.416,186.92314660649745,46794.87615872092
2025-11-16 12:00:00+00:00,MEXC,0.0516745798217299,3835.679786434275,37965.41666666675,True,3068.54382914742,0.416,93.42570333787738,46888.3018620588
2025-11-16 13:00:00+00:00,MEXC,0.0775344088057687,3679.054139680425,38013.33333333325,True,2943.24331174434,0.416,135.52138926627748,47023.82325132508
2025-11-16 14:00:00+00:00,MEXC,0.0775494377665762,3662.38023075775,37902.91666666675,True,2929.9041846062,0.416,134.93375124182813,47158.757002566905
2025-11-16 15:00:00+00:00,MEXC,0.0775494377665762,4173.375262709475,30155.33333333325,True,3338.70021016758,0.416,153.76043557900252,47312.51743814591
2025-11-16 16:00:00+00:00,MEXC,0.0775494377665762,3946.75385098695,21986.125,True,2748.265625,0.416,126.56857249414114,47439.08601064005
2025-11-16 17:00:00+00:00,MEXC,0.07755194453661,3989.226844990275,16196.583333333325,True,2024.5729166666656,0.416,93.24270367913329,47532.328714319185
2025-11-16 18:00:00+00:00,MEXC,0.142742959015696,5084.231013610325,14544.375,True,1818.046875,0.416,155.22250213985706,47687.55121645904
2025-11-16 19:00:00+00:00,MEXC,0.1850656134300951,5971.9590610296,20634.125,True,2579.265625,0.416,286.0605162241568,47973.611732683195
2025-11-16 20:00:00+00:00,MEXC,0.1557632398753894,7567.50299723675,26301.875,True,3287.734375,0.416,306.523847315732,48280.135579998925
2025-11-16 21:00:00+00:00,MEXC,0.1785008306361671,3442.8734610052,26870.16666666675,True,2754.2987688041603,0.416,294.56636198798327,48574.70194198691
2025-11-16 22:00:00+00:00,MEXC,0.1947419668938655,3706.384432504875,26357.91666666675,True,2965.1075460039,0.416,346.1600406920799,48920.86198267899
2025-11-16 23:00:00+00:00,MEXC,0.2142579292614707,6864.257029347525,27022.58333333325,True,3377.822916666656,0.416,434.1061238814816,49354.96810656047
2025-11-17 00:00:00+00:00,MEXC,0.1947419668938655,7385.73104554965,27340.0,True,3417.5,0.416,398.97437806582246,49753.94248462629
2025-11-17 01:00:00+00:00,MEXC,0.1947419668938655,8056.574479172125,27320.58333333325,True,3415.072916666656,0.416,398.6910294005891,50152.63351402688
2025-11-17 02:00:00+00:00,MEXC,0.1947419668938655,6813.826266124275,25325.29166666675,True,3165.661458333344,0.416,369.57360980409373,50522.20712383097
2025-11-17 03:00:00+00:00,MEXC,0.1752526033846275,7089.16795044495,24502.333333333325,True,3062.7916666666656,0.416,321.557995887111,50843.76511971808
2025-11-17 04:00:00+00:00,MEXC,0.1752526033846275,8085.59307562215,24586.541666666675,True,3073.3177083333344,0.416,322.6631095322196,51166.428229250305
2025-11-17 05:00:00+00:00,MEXC,0.1947419668938655,8082.240244155675,24553.333333333325,True,3069.1666666666656,0.416,358.3083722059068,51524.736601456214
2025-11-17 06:00:00+00:00,MEXC,0.1947419668938655,8081.2091963655,24481.75,True,3060.21875,0.416,357.26375201949344,51882.000353475705
2025-11-17 07:00:00+00:00,MEXC,0.1947419668938655,8082.06498414,24690.875,True,3086.359375,0.416,360.31552659202504,52242.315880067734
2025-11-17 08:00:00+00:00,MEXC,0.1817490578877068,3565.554115132075,22294.125,True,2786.765625,0.416,303.4988181946301,52545.814698262366
2025-11-17 09:00:00+00:00,MEXC,0.1232936137577015,3501.35891340785,22349.625,True,2793.703125,0.416,205.74748477141196,52751.56218303378
2025-11-17 10:00:00+00:00,MEXC,0.1167996885341639,7531.858032336275,23058.333333333325,True,2882.2916666666656,0.416,200.9814258193497,52952.54360885313
2025-11-10 12:00:00+00:00,Gate.io,0.0729372561154365,4761.148951855975,24283.083333333325,True,3035.3854166666656,0.416,131.34693333402882,10131.346933334029
2025-11-10 13:00:00+00:00,Gate.io,0.0880018190674619,5564.4841029475,23581.708333333325,True,2947.7135416666656,0.416,154.33891257589497,10285.685845909924
2025-11-10 14:00:00+00:00,Gate.io,0.0579055315890694,5469.573238362425,23430.583333333325,True,2928.8229166666656,0.416,100.17973372524264,10385.865579635167
2025-11-10 15:00:00+00:00,Gate.io,0.0672775742135794,5744.04194376315,27848.875,True,3481.109375,0.416,138.75003228512054,10524.615611920288
2025-11-10 16:00:00+00:00,Gate.io,0.0550076046965985,5150.4621834965,27882.33333333325,True,3485.291666666656,0.416,113.12123037941655,10637.736842299704
2025-11-10 17:00:00+00:00,Gate.io,0.0519590857158019,5325.769670728075,29096.83333333325,True,3637.104166666656,0.416,111.36042075476982,10749.097263054475
2025-11-10 18:00:00+00:00,Gate.io,0.1097895699908508,4827.401451354325,28870.125,True,3608.765625,0.416,236.37858223364117,10985.475845288116
2025-11-10 19:00:00+00:00,Gate.io,0.0366703457506946,5818.844475076425,28898.66666666675,True,3612.333333333344,0.416,77.28844565941598,11062.764290947533
2025-11-10 20:00:00+00:00,Gate.io,0.0915139688503201,4939.81746199395,27672.58333333325,True,3459.072916666656,0.416,188.44125051976076,11251.205541467294
2025-11-10 21:00:00+00:00,Gate.io,0.0854268021322407,5080.8680787556,28599.08333333325,True,3574.885416666656,0.416,181.6242237142412,11432.829765181536
2025-11-10 22:00:00+00:00,Gate.io,0.0581713882712877,5105.5225828222,31919.08333333325,True,3989.885416666656,0.416,137.11297653445752,11569.942741715993
2025-11-10 23:00:00+00:00,Gate.io,0.048684491780094,4218.786535909375,37432.75,True,3375.0292287275,0.416,96.66976555399386,11666.612507269987
2025-11-11 00:00:00+00:00,Gate.io,0.0672837996362702,4440.6776362296,37989.83333333325,True,3552.54210898368,0.416,141.6105380966685,11808.223045366656
2025-11-11 01:00:00+00:00,Gate.io,0.061075291859141,4496.54845841665,41505.25,True,3597.23876673332,0.416,129.92066693444892,11938.143712301106
2025-11-11 02:00:00+00:00,Gate.io,0.0914312173868322,4398.799187587025,45766.29166666675,True,3519.03935006962,0.416,191.53240980805376,12129.67612210916
2025-11-11 03:00:00+00:00,Gate.io,0.0758436117533194,4547.779544205425,47104.83333333325,True,3638.22363536434,0.416,163.81111599396326,12293.487238103124
2025-11-11 04:00:00+00:00,Gate.io,0.0578252480180001,4870.9330656728,47550.25,True,3896.74645253824,0.416,133.0986341528263,12426.58587225595
2025-11-11 05:00:00+00:00,Gate.io,0.1224022663262866,4392.4302526919,49873.70833333325,True,3513.94420215352,0.416,256.9016742304173,12683.487546486367
2025-11-11 06:00:00+00:00,Gate.io,0.0857173863288971,4116.508154230675,53103.33333333325,True,3293.2065233845406,0.416,167.8905910642339,12851.3781375506
2025-11-11 07:00:00+00:00,Gate.io,0.1012183070868078,4254.52238213045,54139.66666666675,True,3403.61790570436,0.416,205.34381766221424,13056.721955212815
2025-11-11 08:00:00+00:00,Gate.io,0.0829102016875589,4675.422023647775,55614.91666666675,True,3740.33761891822,0.416,184.35224070473132,13241.074195917547
2025-11-11 09:00:00+00:00,Gate.io,0.0982195957303252,4439.888277643275,55069.875,True,3551.91062211462,0.416,207.8656953610939,13448.93989127864
2025-11-11 10:00:00+00:00,Gate.io,0.0398801012605842,4062.8134189381,53469.08333333325,True,3250.25073515048,0.416,75.83432062293059,13524.774211901571
2025-11-11 11:00:00+00:00,Gate.io,0.0368120743603902,4288.494737679025,52859.45833333325,True,3430.79579014322,0.416,73.69762169167686,13598.471833593248
2025-11-11 12:00:00+00:00,Gate.io,0.0583356438274587,4707.6184025026,52586.79166666675,True,3766.09472200208,0.416,129.79551838337144,13728.26735197662
2025-11-11 13:00:00+00:00,Gate.io,0.1136938601084876,5213.038738999,51739.83333333325,True,4170.4309911992,0.416,282.9900015272898,14011.25735350391
2025-11-11 14:00:00+00:00,Gate.io,0.0582174048319645,4665.4421113175,51356.91666666675,True,3732.3536890540004,0.416,128.3664619469684,14139.62381545088
2025-11-11 15:00:00+00:00,Gate.io,0.0735351384915166,4351.5257444573,45987.29166666675,True,3481.22059556584,0.416,151.89455097634422,14291.518366427223
2025-11-11 16:00:00+00:00,Gate.io,0.0368629647881181,4591.48949216865,44624.79166666675,True,3673.1915937349204,0.416,79.01733156832354,14370.535697995547
2025-11-11 17:00:00+00:00,Gate.io,0.0860895345424058,5167.92540455395,42364.29166666675,True,4134.34032364316,0.416,211.700414550665,14582.236112546212
2025-11-11 18:00:00+00:00,Gate.io,0.0922945991242969,4820.027177469625,41468.54166666675,True,3856.0217419757,0.416,211.8816936952691,14794.117806241482
2025-11-11 19:00:00+00:00,Gate.io,0.0769935230939621,5049.989938860975,45705.5,True,4039.99195108878,0.416,184.70299066094267,14978.820796902424
2025-11-11 20:00:00+00:00,Gate.io,0.0678995181546031,4771.636974969575,47948.0,True,3817.30957997566,0.416,153.58238644961634,15132.40318335204
2025-11-11 21:00:00+00:00,Gate.io,0.0617851345992355,4724.01660643895,48133.375,True,3779.2132851511597,0.416,138.1111726018535,15270.514355953894
2025-11-11 22:00:00+00:00,Gate.io,0.0401569172248841,4575.738245908725,45787.95833333325,True,3660.59059672698,0.416,86.01953196211603,15356.53388791601
2025-11-11 23:00:00+00:00,Gate.io,0.0432316484521502,4686.350442356825,41144.70833333325,True,3749.0803538854598,0.416,95.0522725598767,15451.586160475887
2025-11-12 00:00:00+00:00,Gate.io,0.0587599149172983,4230.338831145725,37918.08333333325,True,3384.27106491658,0.416,117.50236746677548,15569.088527942662
2025-11-12 01:00:00+00:00,Gate.io,0.0679969180878679,4401.695818893625,35351.0,True,3521.3566551149,0.416,141.88215370048667,15710.970681643148
2025-11-12 02:00:00+00:00,Gate.io,0.0586112410651067,4151.291024215475,32589.04166666675,True,3321.03281937238,0.416,115.00889623736116,15825.97957788051
2025-11-12 03:00:00+00:00,Gate.io,0.0709892286126342,4301.31795950175,29814.83333333325,True,3441.0543676014004,0.416,144.8575932531954,15970.837171133704
2025-11-12 04:00:00+00:00,Gate.io,0.037041615396266,4291.76497502485,28777.58333333325,True,3433.4119800198805,0.416,74.22920791227416,16045.066379045978
2025-11-12 05:00:00+00:00,Gate.io,0.0709703058034714,4074.2948375631,26887.45833333325,True,3259.43587005048,0.416,137.17482031981623,16182.241199365795
2025-11-12 06:00:00+00:00,Gate.io,0.0799906217068169,3530.99099679835,24113.0,True,2824.7927974386803,0.416,134.25252340012926,16316.493722765925
2025-11-12 07:00:00+00:00,Gate.io,0.1014388300845543,3790.589574382675,22055.5,True,2756.9375,0.416,166.69564077651353,16483.18936354244
2025-11-12 08:00:00+00:00,Gate.io,0.0553210562596527,3373.1230671513,20227.166666666675,True,2528.3958333333344,0.416,82.54155813555894,16565.730921677998
2025-11-12 09:00:00+00:00,Gate.io,0.0891064672605375,2237.5713894142177,20037.375,True,1790.0571115313742,0.416,94.91810243157687,16660.649024109574
2025-11-12 10:00:00+00:00,Gate.io,0.058179827154064,2364.5765984112977,20983.708333333325,True,1891.6612787290383,0.416,65.01683652223701,16725.665860631812
2025-11-12 11:00:00+00:00,Gate.io,0.1009544904183712,3112.4542140813,22284.208333333325,True,2489.96337126504,0.416,149.82584844380725,16875.49170907562
2025-11-12 12:00:00+00:00,Gate.io,0.0826796845380767,4178.918422373125,22391.458333333325,True,2798.9322916666656,0.416,137.56345168560057,17013.05516076122
2025-11-12 13:00:00+00:00,Gate.io,0.067652019546254,5566.107668920625,24328.0,True,3041.0,0.416,121.89501275670352,17134.950173517926
2025-11-12 14:00:00+00:00,Gate.io,0.0768651771970673,5069.751366093925,25630.66666666675,True,3203.833333333344,0.416,146.22690969992786,17281.17708321785
2025-11-12 15:00:00+00:00,Gate.io,0.0619556847284304,4917.79156292245,28780.54166666675,True,3597.567708333344,0.416,131.84304629233486,17413.020129510187
2025-11-12 16:00:00+00:00,Gate.io,0.059020786705128,5612.771134827925,36898.66666666675,True,4490.21690786234,0.416,156.6075336506463,17569.627663160834
2025-11-12 17:00:00+00:00,Gate.io,0.0402738376052359,5155.96235244255,37806.0,True,4124.76988195404,0.416,97.21809899914874,17666.845762159985
2025-11-12 18:00:00+00:00,Gate.io,0.0526472893975426,5728.008670552375,37319.79166666675,True,4582.4069364419,0.416,142.2058572084084,17809.051619368394
2025-11-12 19:00:00+00:00,Gate.io,0.0371977859831717,5713.717042471225,34985.08333333325,True,4373.135416666656,0.416,94.95766989973151,17904.009289268124
2025-11-12 20:00:00+00:00,Gate.io,0.0371908869869144,4737.9277957596,32788.875,True,3790.3422366076798,0.416,82.28720434073955,17986.296493608865
2025-11-12 21:00:00+00:00,Gate.io,0.0464435091875201,4467.83146860055,31499.16666666675,True,3574.26517488044,0.416,97.54485892469246,18083.841352533556
2025-11-12 22:00:00+00:00,Gate.io,0.0371126368528484,5062.0033179846,30137.5,True,3767.1875,0.416,81.60670882371497,18165.44806135727
2025-11-12 23:00:00+00:00,Gate.io,0.0371126368528484,5233.29779777665,29467.08333333325,True,3683.385416666656,0.416,79.79134597984144,18245.23940733711
2025-11-13 00:00:00+00:00,Gate.io,0.0370942892366422,5337.349584071125,29761.41666666675,True,3720.177083333344,0.416,80.54717330358723,18325.7865806407
2025-11-13 01:00:00+00:00,Gate.io,0.0369993834417654,5329.2974672499,29720.04166666675,True,3715.005208333344,0.416,80.22252123178065,18406.009101872478
2025-11-13 02:00:00+00:00,Gate.io,0.052386108281139,7230.58974015735,29480.33333333325,True,3685.041666666656,0.416,113.77735847597064,18519.78646034845
2025-11-13 03:00:00+00:00,Gate.io,0.0586523874245298,7080.9307938032,29786.33333333325,True,3723.291666666656,0.416,129.0317155817627,18648.81817593021
2025-11-13 04:00:00+00:00,Gate.io,0.0523626965143608,6422.262570365725,31740.41666666675,True,3967.552083333344,0.416,122.44396800876466,18771.262143938973
2025-11-13 05:00:00+00:00,Gate.io,0.0554301005294921,6400.183771760975,31742.79166666675,True,3967.848958333344,0.416,129.79467465102266,18901.056818589997
2025-11-13 06:00:00+00:00,Gate.io,0.0737920712985648,5446.110853729475,36132.41666666675,True,4356.88868298358,0.416,190.7774261855606,19091.834244775557
2025-11-13 07:00:00+00:00,Gate.io,0.076902611403456,5199.86400144025,37403.41666666675,True,4159.8912011522,0.416,189.9565030555492,19281.790747831106
2025-11-13 08:00:00+00:00,Gate.io,0.098475591318277,5169.870206462575,37432.70833333325,True,4135.89616517006,0.416,242.68047664306044,19524.471224474168
2025-11-13 09:00:00+00:00,Gate.io,0.0492800675948483,6427.007236816775,36615.375,True,4576.921875,0.416,132.73941575780816,19657.210640231977
2025-11-13 10:00:00+00:00,Gate.io,0.0369890882189754,6659.928249070125,35959.125,True,4494.890625,0.416,97.03559998642312,19754.2462402184
2025-11-13 11:00:00+00:00,Gate.io,0.0369890882189754,6773.147007760725,34322.25,True,4290.28125,0.416,92.6184972975291,19846.864737515927
2025-11-13 12:00:00+00:00,Gate.io,0.0710714625022077,4311.6303713937,35917.375,True,3449.3042971149607,0.416,145.3759869074777,19992.240724423405
2025-11-13 13:00:00+00:00,Gate.io,0.0831231966842853,4607.432975454725,36015.45833333325,True,3685.9463803637805,0.416,182.14499260467892,20174.385717028083
2025-11-13 14:00:00+00:00,Gate.io,0.0711335801856976,4799.435742716575,35964.29166666675,True,3839.5485941732604,0.416,161.9672705068589,20336.35298753494
2025-11-13 15:00:00+00:00,Gate.io,0.064859285332705,6659.197093857075,34750.04166666675,True,4343.755208333344,0.416,166.79707646074218,20503.150063995683
2025-11-13 16:00:00+00:00,Gate.io,0.0653184341796599,6867.936123289075,31279.58333333325,True,3909.947916666656,0.416,151.2220820464638,20654.372146042148
2025-11-13 17:00:00+00:00,Gate.io,0.0373699421011184,4962.080774565925,39110.58333333325,True,3969.66461965274,0.416,86.60898779847052,20740.981133840618
2025-11-13 18:00:00+00:00,Gate.io,0.0566263842856299,4217.551191633175,52759.29166666675,True,3374.0409533065404,0.416,112.80496913356777,20853.786102974187
2025-11-13 19:00:00+00:00,Gate.io,0.1259406493531303,3952.44059636095,53226.375,True,3161.95247708876,0.416,237.91655994616497,21091.702662920354
2025-11-13 20:00:00+00:00,Gate.io,0.0944650658510593,4117.96952877955,53557.70833333325,True,3294.3756230236404,0.416,185.33329616179668,21277.03595908215
2025-11-13 21:00:00+00:00,Gate.io,0.0753237390831895,6275.38036126785,53874.29166666675,True,5020.304289014281,0.416,224.46503106302575,21501.500990145174
2025-11-13 22:00:00+00:00,Gate.io,0.1128385342167916,6197.68680183205,53979.54166666675,True,4958.149441465641,0.416,333.8835873592505,21835.384577504425
2025-11-13 23:00:00+00:00,Gate.io,0.1597734827429853,6306.615670355775,54166.70833333325,True,5045.292536284621,0.416,482.58992411009973,22317.974501614524
2025-11-14 00:00:00+00:00,Gate.io,0.1284862371499923,6214.615599925025,54468.0,True,4971.69247994002,0.416,381.72186651281027,22699.696368127334
2025-11-14 01:00:00+00:00,Gate.io,0.109831281932188,6227.93844899985,54655.91666666675,True,4982.3507591998805,0.416,326.4754552846404,23026.171823411973
2025-11-14 02:00:00+00:00,Gate.io,0.1129730747505179,6230.7164501086,54616.04166666675,True,4984.57316008688,0.416,336.06749247203936,23362.239315884013
2025-11-14 03:00:00+00:00,Gate.io,0.1129730747505178,6289.38131931665,54147.54166666675,True,5031.50505545332,0.416,339.23171213262174,23701.471028016636
2025-11-14 04:00:00+00:00,Gate.io,0.0787148437181262,5496.358374615075,52292.79166666675,True,4397.08669969206,0.416,205.59437936770217,23907.06540738434
2025-11-14 05:00:00+00:00,Gate.io,0.1038399798932855,4932.59418118965,52977.16666666675,True,3946.07534495172,0.416,244.31113673894285,24151.376544123283
2025-11-14 06:00:00+00:00,Gate.io,0.1036002860275844,6246.8594972007,48525.33333333325,True,4997.487597760561,0.416,308.68407696816814,24460.060621091452
2025-11-14 07:00:00+00:00,Gate.io,0.1285883257500444,6240.4799433363,48291.04166666675,True,4992.38395466904,0.416,383.617968679162,24843.678589770614
2025-11-14 08:00:00+00:00,Gate.io,0.0847413276552215,6250.318569553025,47970.08333333325,True,5000.25485564242,0.416,251.9734869265168,25095.65207669713
2025-11-14 09:00:00+00:00,Gate.io,0.0565516157367458,6154.865604328525,48170.5,True,4923.89248346282,0.416,164.39938809916677,25260.051464796295
2025-11-14 10:00:00+00:00,Gate.io,0.0377263604931469,6075.25475944595,47114.16666666675,True,4860.203807556761,0.416,107.08341558729397,25367.13488038359
2025-11-14 11:00:00+00:00,Gate.io,0.06940582097791,5163.653212949375,49442.95833333325,True,4130.9225703595,0.416,169.95338867351288,25537.0882690571
2025-11-14 12:00:00+00:00,Gate.io,0.0790193061476339,3687.87536789035,48795.41666666675,True,2950.30029431228,0.416,138.48888212818272,25675.577151185284
2025-11-14 13:00:00+00:00,Gate.io,0.0663927128487038,4234.537122067825,48100.54166666675,True,3387.6296976542603,0.416,133.21597813452337,25808.793129319805
2025-11-14 14:00:00+00:00,Gate.io,0.0632548550602741,4291.23783911675,47089.375,True,3432.9902712934004,0.416,128.50193610893282,25937.295065428738
2025-11-14 15:00:00+00:00,Gate.io,0.0694179715114985,6032.387139906125,47210.54166666675,True,4825.909711924901,0.416,198.58174681507856,26135.876812243816
2025-11-14 16:00:00+00:00,Gate.io,0.1069305494263238,6666.952323257075,43524.33333333325,True,5333.56185860566,0.416,340.1568007880676,26476.033613031883
2025-11-14 17:00:00+00:00,Gate.io,0.132084976761333,6742.7995315878,35219.83333333325,True,4402.479166666656,0.416,347.57492887979924,26823.608541911683
2025-11-14 18:00:00+00:00,Gate.io,0.0566834120513049,6661.15740851305,22129.958333333325,True,2766.2447916666656,0.416,92.57955800524522,26916.188099916926
2025-11-14 19:00:00+00:00,Gate.io,0.1039287397583176,6659.5203816237,20510.0,True,2563.75,0.416,158.86527051420924,27075.053370431135
2025-11-14 20:00:00+00:00,Gate.io,0.0818508168151181,6155.687494397225,20158.0,True,2519.75,0.416,122.58224106807994,27197.635611499216
2025-11-14 21:00:00+00:00,Gate.io,0.116723834150959,6024.16151151665,20370.708333333325,True,2546.3385416666656,0.416,177.43899576023176,27375.07460725945
2025-11-14 22:00:00+00:00,Gate.io,0.1074935145366607,5502.413800815675,20647.5,True,2580.9375,0.416,165.48002874123588,27540.554636000685
2025-11-14 23:00:00+00:00,Gate.io,0.0728416456833014,4889.25693039125,21500.75,True,2687.59375,0.416,116.14232315226329,27656.69695915295
2025-11-15 00:00:00+00:00,Gate.io,0.0758121656406301,6587.7730975703,21266.708333333325,True,2658.3385416666656,0.416,119.64133942574162,27776.338298578692
2025-11-15 01:00:00+00:00,Gate.io,0.1135739161945483,6666.68532603765,21409.125,True,2676.140625,0.416,181.39937227856512,27957.737670857256
2025-11-15 02:00:00+00:00,Gate.io,0.1198217011103366,6678.396393816,21616.916666666675,True,2702.1145833333344,0.416,193.34335125313325,28151.08102211039
2025-11-15 03:00:00+00:00,Gate.io,0.08191808421881,6669.9621769831,21788.25,True,2723.53125,0.416,132.6064172054287,28283.687439315818
2025-11-15 04:00:00+00:00,Gate.io,0.1040259949250445,6671.558894856775,21472.583333333325,True,2684.0729166666656,0.416,166.4786567625139,28450.16609607833
2025-11-15 05:00:00+00:00,Gate.io,0.1134859088329865,6679.059186413675,20798.625,True,2599.828125,0.416,176.08859529935108,28626.254691377682
2025-11-15 06:00:00+00:00,Gate.io,0.1103366775082992,6676.67233355325,20608.958333333325,True,2576.1197916666656,0.416,169.58917025128585,28795.843861628968
2025-11-15 07:00:00+00:00,Gate.io,0.1512287334593573,6669.12958957125,19575.541666666675,True,2446.9427083333344,0.416,221.44178671652816,29017.285648345496
2025-11-15 08:00:00+00:00,Gate.io,0.0725353622151917,6667.3937340585,19436.041666666675,True,2429.5052083333344,0.416,104.5403712530204,29121.826019598517
2025-11-15 09:00:00+00:00,Gate.io,0.0759013282732448,6690.134499459125,18803.708333333325,True,2350.4635416666656,0.416,105.91151396778618,29227.737533566302
2025-11-15 10:00:00+00:00,Gate.io,0.1106678595054929,6689.6495495637,19269.291666666675,True,2408.6614583333344,0.416,159.04635571545222,29386.783889281753
2025-11-15 11:00:00+00:00,Gate.io,0.0379722802354281,6796.896347618675,18186.25,True,2273.28125,0.416,50.42374105993918,29437.20763034169
2025-11-15 12:00:00+00:00,Gate.io,0.0663800995084671,6909.834188330475,15748.833333333325,True,1968.6041666666656,0.416,77.39889349519328,29514.606523836883
2025-11-15 13:00:00+00:00,Gate.io,0.0694933032296231,6839.708739331225,15309.458333333325,True,1913.6822916666656,0.416,78.8332244100668,29593.43974824695
2025-11-15 14:00:00+00:00,Gate.io,0.0723797402523762,6624.18886244655,14903.583333333325,True,1862.9479166666656,0.416,79.9868225634217,29673.42657081037
2025-11-15 15:00:00+00:00,Gate.io,0.0578666474532097,4076.33472061385,25520.54166666675,True,3190.067708333344,0.416,109.04073072297247,29782.467301533343
2025-11-15 16:00:00+00:00,Gate.io,0.1064944269583058,4191.537413673675,40445.91666666675,True,3353.22993093894,0.416,212.97569897951345,29995.443000512856
2025-11-15 17:00:00+00:00,Gate.io,0.1161665053242981,4255.048026696525,41324.25,True,3404.03842135722,0.416,236.0625620599859,30231.505562572842
2025-11-15 18:00:00+00:00,Gate.io,0.0871103485171007,4326.876530366875,40148.91666666675,True,3461.5012242935004,0.416,179.37887802788376,30410.884440600727
2025-11-15 19:00:00+00:00,Gate.io,0.0774293457220286,4291.61905133355,41211.95833333325,True,3433.29524106684,0.416,157.86820705791843,30568.752647658646
2025-11-15 20:00:00+00:00,Gate.io,0.0419324745629357,4220.1287678676,40896.83333333325,True,3376.10301429408,0.416,82.95027258743555,30651.702920246084
2025-11-15 21:00:00+00:00,Gate.io,0.051653051988956,4058.138372068,39789.79166666675,True,3246.5106976544002,0.416,98.80197220051222,30750.504892446595
2025-11-15 22:00:00+00:00,Gate.io,0.0419593066664021,4091.31263458895,39109.29166666675,True,3273.0501076711603,0.416,80.47125505367536,30830.97614750027
2025-11-15 23:00:00+00:00,Gate.io,0.0677808721030876,4167.62855311915,38844.29166666675,True,3334.10284249532,0.416,133.90284488062414,30964.878992380894
2025-11-16 00:00:00+00:00,Gate.io,0.0580997405351734,4421.931864583825,33894.875,True,3537.54549166706,0.416,121.41536571028,31086.294358091174
2025-11-16 01:00:00+00:00,Gate.io,0.0775019516322945,4309.708157622275,38327.625,True,3447.7665260978206,0.416,158.68461703533995,31244.978975126513
2025-11-16 02:00:00+00:00,Gate.io,0.1163170729107312,3796.38023879135,40534.83333333325,True,3037.1041910330805,0.416,210.89231890069468,31455.87129402721
2025-11-16 03:00:00+00:00,Gate.io,0.1549786904300659,4144.852792439425,41482.08333333325,True,3315.88223395154,0.416,307.57893502261715,31763.450229049828
2025-11-16 04:00:00+00:00,Gate.io,0.0678807109373202,4132.56576758325,41481.58333333325,True,3306.0526140666,0.416,132.9754030251349,31896.425632074963
2025-11-16 05:00:00+00:00,Gate.io,0.0969119968348908,4137.7784311409,41616.83333333325,True,3310.22274491272,0.416,191.11066702275022,32087.536299097712
2025-11-16 06:00:00+00:00,Gate.io,0.1162565394303429,4139.366040145275,41697.75,True,3311.4928321162206,0.416,229.82457186496399,32317.360870962675
2025-11-16 07:00:00+00:00,Gate.io,0.1162565394303429,4129.388126600725,41487.58333333325,True,3303.51050128058,0.416,229.27058130548173,32546.631452268157
2025-11-16 08:00:00+00:00,Gate.io,0.1162565394303429,4128.464043755025,41430.08333333325,True,3302.77123500402,0.416,229.21927467004025,32775.850726938195
2025-11-16 09:00:00+00:00,Gate.io,0.0840397339386005,4185.5144005724,41397.70833333325,True,3348.41152045792,0.416,167.31653254531662,32943.16725948351
2025-11-16 10:00:00+00:00,Gate.io,0.0710108982046466,4069.568505583725,38434.95833333325,True,3255.65480446698,0.416,137.0954082821289,33080.26266776564
2025-11-16 11:00:00+00:00,Gate.io,0.0841087188955872,4192.413560228625,37839.08333333325,True,3353.9308481829003,0.416,167.7318902839798,33247.99455804962
2025-11-16 12:00:00+00:00,Gate.io,0.103588797411604,3835.679786434275,37965.41666666675,True,3068.54382914742,0.416,189.51609792262948,33437.51065597225
2025-11-16 13:00:00+00:00,Gate.io,0.087467775694093,3679.054139680425,38013.33333333325,True,2943.24331174434,0.416,153.15673487067832,33590.66739084293
2025-11-16 14:00:00+00:00,Gate.io,0.0777227828813525,3662.38023075775,37902.91666666675,True,2929.9041846062,0.416,135.24010721877352,33725.9074980617
2025-11-16 15:00:00+00:00,Gate.io,0.0776121509049549,4173.375262709475,30155.33333333325,True,3338.70021016758,0.416,153.88673381715213,33879.794231878855
2025-11-16 16:00:00+00:00,Gate.io,0.1165576793101059,3946.75385098695,21986.125,True,2748.265625,0.416,191.23463411945139,34071.028865998305
2025-11-16 17:00:00+00:00,Gate.io,0.0906626776497478,3989.226844990275,16196.583333333325,True,2024.5729166666656,0.416,109.25382441880666,34180.28269041711
2025-11-16 18:00:00+00:00,Gate.io,0.0843423837650459,5084.231013610325,14544.375,True,1818.046875,0.416,91.17775219360455,34271.46044261071
2025-11-16 19:00:00+00:00,Gate.io,0.0713991569945474,5971.9590610296,20634.125,True,2579.265625,0.416,109.21676279613665,34380.67720540685
2025-11-16 20:00:00+00:00,Gate.io,0.0550424004881541,7567.50299723675,26301.875,True,3287.734375,0.416,106.77816898538833,34487.45537439224
2025-11-16 21:00:00+00:00,Gate.io,0.0972775475197428,3442.8734610052,26870.16666666675,True,2754.2987688041603,0.416,159.6225665727092,34647.07794096495
2025-11-16 22:00:00+00:00,Gate.io,0.074566132309031,3706.384432504875,26357.91666666675,True,2965.1075460039,0.416,131.219206630475,34778.297147595425
2025-11-16 23:00:00+00:00,Gate.io,0.0420678650030404,6864.257029347525,27022.58333333325,True,3377.822916666656,0.416,83.26838869258546,34861.56553628801
2025-11-17 00:00:00+00:00,Gate.io,0.0873069778533399,7385.73104554965,27340.0,True,3417.5,0.416,177.50402399807757,35039.069560286094
2025-11-17 01:00:00+00:00,Gate.io,0.1163016088389223,8056.574479172125,27320.58333333325,True,3415.072916666656,0.416,237.10608944477147,35276.17564973087
2025-11-17 02:00:00+00:00,Gate.io,0.1035451229464523,6813.826266124275,25325.29166666675,True,3165.661458333344,0.416,195.43077473169478,35471.60642446256
2025-11-17 03:00:00+00:00,Gate.io,0.1293508835353397,7089.16795044495,24502.333333333325,True,3062.7916666666656,0.416,236.75567316694287,35708.362097629506
2025-11-17 04:00:00+00:00,Gate.io,0.1356522544133066,8085.59307562215,24586.541666666675,True,3073.3177083333344,0.416,249.25098303037637,35957.61308065988
2025-11-17 05:00:00+00:00,Gate.io,0.1194882629352518,8082.240244155675,24553.333333333325,True,3069.1666666666656,0.416,218.9895846549742,36176.60266531486
2025-11-17 06:00:00+00:00,Gate.io,0.1001193871267241,8081.2091963655,24481.75,True,3060.21875,0.416,182.59766581654168,36359.2003311314
2025-11-17 07:00:00+00:00,Gate.io,0.090356732127682,8082.06498414,24690.875,True,3086.359375,0.416,165.98237271933021,36525.182703850725
2025-11-17 08:00:00+00:00,Gate.io,0.0774493610627865,3565.554115132075,22294.125,True,2786.765625,0.416,128.17342411747367,36653.356127968196
2025-11-17 09:00:00+00:00,Gate.io,0.0646120087952824,3501.35891340785,22349.625,True,2793.703125,0.416,106.85949012717322,36760.21561809537
2025-11-17 10:00:00+00:00,Gate.io,0.045194616171103,7531.858032336275,23058.333333333325,True,2882.2916666666656,0.416,76.48896635071935,36836.70458444609
